Date,Current_Close,Actual_Next_Close,Predicted_Next_Close,Prediction_Error_$,Actual_Change_%,Predicted_Change_%,Error_%,Actual_Direction,Predicted_Direction,Direction_Correct
2024-05-17,67051.875,66940.80469,61166.18779226491,5774.616897735097,-0.16564832825330464,-8.777811519417007,8.612163191163702,0,0,True
2024-05-18,66940.80469,66278.36719,59035.51275910885,7242.854430891151,-0.98958699864413,-11.809376907702587,10.819789909058457,0,0,True
2024-05-19,66278.36719,71448.19531,60154.29635814343,11293.898951856565,7.800174233592176,-9.239924113249074,17.04009834684125,1,0,False
2024-05-20,71448.19531,70136.53125,63132.44570080649,7004.085549193507,-1.835825319742419,-11.638851860586628,9.80302654084421,0,0,True
2024-05-21,70136.53125,69122.33594,62465.19935187425,6657.136588125752,-1.4460300387324836,-10.937712147156903,9.491682108424419,0,0,True
2024-05-22,69122.33594,67929.5625,62925.42786718079,5004.1346328192085,-1.7255977012052413,-8.965131152683108,7.239533451477867,0,0,True
2024-05-23,67929.5625,68526.10156,63176.83745187379,5349.2641081262045,0.8781729751314025,-6.996548885658154,7.874721860789556,1,0,False
2024-05-24,68526.10156,69265.94531,63376.98626064605,5888.959049353944,1.0796524727912744,-7.514093436127382,8.593745908918656,1,0,False
2024-05-25,69265.94531,68518.09375,63050.87853588832,5467.215214111682,-1.0796814461319817,-8.97275962422244,7.893078178090459,0,0,True
2024-05-26,68518.09375,69394.55469,62502.353589658145,6892.201100341859,1.2791671397017004,-8.77978331138533,10.05895045108703,1,0,False
2024-05-27,69394.55469,68296.21875,60297.58141393959,7998.637336060412,-1.582740814328301,-13.109059229068476,11.526318414740174,0,0,True
2024-05-28,68296.21875,67578.09375,60741.355977612926,6836.737772387074,-1.051485738366738,-11.06190490580721,10.010419167440473,0,0,True
2024-05-29,67578.09375,68364.99219,60390.99528012959,7973.996909870417,1.1644282878281165,-10.635248896570735,11.79967718439885,1,0,False
2024-05-30,68364.99219,67491.41406,59307.772001728415,8183.64205827158,-1.2778150073829606,-13.248330612105915,11.970515604722955,0,0,True
2024-05-31,67491.41406,67706.9375,59999.60858389587,7707.328916104132,0.31933460426300114,-11.100383034564809,11.41971763882781,1,0,False
2024-06-01,67706.9375,67751.60156,59195.10798706318,8556.493572936815,0.06596674085280481,-12.571576602378181,12.637543343230986,1,0,False
2024-06-02,67751.60156,68804.78125,58748.09037977788,10056.690870222119,1.5544720209563185,-13.289001252979554,14.843473273935873,1,0,False
2024-06-03,68804.78125,70567.76563,60636.19359117785,9931.572038822145,2.5622992297501046,-11.872122126428751,14.434421356178856,1,0,False
2024-06-04,70567.76563,71082.82031,60884.19498639799,10198.625323602006,0.7298724501219568,-13.72237105305952,14.452243503181476,1,0,False
2024-06-05,71082.82031,70757.16406,61835.66182829332,8921.502231706676,-0.45813636625527415,-13.00899210439147,12.550855738136196,0,0,True
2024-06-06,70757.16406,69342.58594,62451.17007401445,6891.415865985553,-1.9992012664618248,-11.738732178330812,9.739530911868988,0,0,True
2024-06-07,69342.58594,69305.77344,61411.82557556051,7893.947864439491,-0.053087867291036296,-11.437070390339542,11.383982523048505,0,0,True
2024-06-08,69305.77344,69647.99219,61255.61199698634,8392.380193013661,0.493781012769836,-11.615426887895447,12.109207900665282,1,0,False
2024-06-09,69647.99219,69512.28125,61402.75657621879,8109.524673781212,-0.1948526235038973,-11.83843978055847,11.643587157054574,0,0,True
2024-06-10,69512.28125,67332.03125,60262.28526110882,7069.7459888911835,-3.1364961137712624,-13.30699528565851,10.170499171887249,0,0,True
2024-06-11,67332.03125,68241.1875,58662.732181584855,9578.455318415145,1.350258165574056,-12.87544561997028,14.225703785544336,1,0,False
2024-06-12,68241.1875,66756.39844,61949.49156258967,4806.906877410336,-2.1757960469254662,-9.219792573818168,7.043996526892702,0,0,True
2024-06-13,66756.39844,66011.09375,60962.88700665644,5048.206743343559,-1.1164543136189067,-8.678585976370062,7.562131662751155,0,0,True
2024-06-14,66011.09375,66191.0,60138.278259818995,6052.721740181005,0.27253941690672256,-8.896709865803436,9.169249282710158,1,0,False
2024-06-15,66191.0,66639.04688,59301.888666939325,7337.158213060669,0.676900001510771,-10.407927562751244,11.084827564262016,1,0,False
2024-06-16,66639.04688,66490.29688,59636.20279804335,6854.094081956646,-0.22321747828695837,-10.508619810494874,10.285402332207916,0,0,True
2024-06-17,66490.29688,65140.74609,59039.14955883644,6101.596531163559,-2.0296958403353638,-11.206367952622012,9.176672112286647,0,0,True
2024-06-18,65140.74609,64960.29688,60246.099868161094,4714.197011838907,-0.2770143432970294,-7.513954806529767,7.236940463232738,0,0,True
2024-06-19,64960.29688,64828.65625,58968.27220777205,5860.384042227954,-0.20264782693832062,-9.22413375557214,9.021485928633819,0,0,True
2024-06-20,64828.65625,64096.19922,58378.521128393375,5717.678091606627,-1.1298352802122098,-9.949512290880817,8.819677010668606,0,0,True
2024-06-21,64096.19922,64252.57813,57750.55197411682,6502.026155883184,0.2439753244389012,-9.900192715176075,10.144168039614977,1,0,False
2024-06-22,64252.57813,63180.79688,57372.69518925295,5808.101690747055,-1.6680750892695735,-10.707559355559598,9.039484266290025,0,0,True
2024-06-23,63180.79688,60277.41406,54541.28412371601,5736.129936283993,-4.595356442740705,-13.67427000437034,9.078913561629635,0,0,True
2024-06-24,60277.41406,61804.64063,55592.562048841464,6212.078581158537,2.533663054091539,-7.772151616350441,10.305814670441979,1,0,False
2024-06-25,61804.64063,60811.27734,54696.520556623655,6114.756783376346,-1.6072632732335994,-11.500948797566606,9.893685524333007,0,0,True
2024-06-26,60811.27734,61604.80078,54265.84573125114,7338.95504874886,1.304895201532034,-10.763516069812031,12.068411271344065,1,0,False
2024-06-27,61604.80078,60320.13672,54514.31540970246,5805.821310297542,-2.085331084159697,-11.509631198417031,9.424300114257335,0,0,True
2024-06-28,60320.13672,60887.37891,54509.251906353355,6378.127003646645,0.9403861145625022,-9.63340789597376,10.573794010536261,1,0,False
2024-06-29,60887.37891,62678.29297,54580.5882882514,8097.704681748604,2.941355157769597,-10.358124679781197,13.299479837550795,1,0,False
2024-06-30,62678.29297,62851.98047,54180.22763498324,8671.752835016763,0.2771094932070547,-13.558227150640862,13.835336643847917,1,0,False
2024-07-01,62851.98047,62029.01563,55519.66324895185,6509.352381048149,-1.3093697825366242,-11.666008240659897,10.356638458123273,0,0,True
2024-07-02,62029.01563,60173.92188,55725.533187780486,4448.388692219516,-2.9906870698473473,-10.162151338688776,7.171464268841429,0,0,True
2024-07-03,60173.92188,56977.70313,55815.84819456858,1161.8549354314237,-5.3116344259128745,-7.242462431021828,1.9308280051089532,0,0,True
2024-07-04,56977.70313,56662.375,54643.9054931992,2018.4695068008004,-0.5534237301222039,-4.095984057967417,3.542560327845213,0,0,True
2024-07-05,56662.375,58303.53906,55043.65128767232,3259.887772327682,2.896391229629896,-2.856787616699228,5.753178846329124,1,0,False
2024-07-06,58303.53906,55849.10938,57306.310946036116,-1457.201566036114,-4.2097439016080225,-1.7104075156357879,-2.4993363859722346,0,0,True
2024-07-07,55849.10938,56705.09766,55209.04718123353,1496.0504787664686,1.5326802692157768,-1.1460562323589747,2.6787365015747513,1,0,False
2024-07-08,56705.09766,58009.22656,56033.91034946087,1975.3162105391311,2.2998442006386686,-1.183645453824138,3.4834896544628067,1,0,False
2024-07-09,58009.22656,57742.49609,56556.28326965227,1186.2128203477332,-0.45980697523025593,-2.5046761980957113,2.0448692228654552,0,0,True
2024-07-10,57742.49609,57344.91406,56100.67456360895,1244.2394963910556,-0.6885431994147064,-2.8433504568836754,2.1548072574689687,0,0,True
2024-07-11,57344.91406,57899.46484,56004.21502656669,1895.2498134333073,0.9670443998220507,-2.337956304251386,3.3050007040734366,1,0,False
2024-07-12,57899.46484,59231.95313,56775.73855637948,2456.2145736205202,2.30138273934347,-1.94082326447375,4.24220600381722,1,0,False
2024-07-13,59231.95313,60787.79297,57523.863516405836,3263.9294535941663,2.6266900849703596,-2.883730019581351,5.510420104551711,1,0,False
2024-07-14,60787.79297,64870.15234,58398.12467338224,6472.02766661776,6.7157552043627,-3.931164761644021,10.64691996600672,1,0,False
2024-07-15,64870.15234,65097.14844,61056.128219398495,4041.020220601502,0.3499237967104744,-5.879474585802252,6.229398382512726,1,0,False
2024-07-16,65097.14844,64118.79297,62716.56780879966,1402.2251612003456,-1.5029160162088278,-3.656966070325677,2.1540500541168495,0,0,True
2024-07-17,64118.79297,63974.06641,62524.1475206467,1449.9188893532992,-0.22571628893219758,-2.4870172620052395,2.261300973073042,0,0,True
2024-07-18,63974.06641,66710.15625,60362.49960336133,6347.656646638672,4.276873416901186,-5.645360705215599,9.922234122116784,1,0,False
2024-07-19,66710.15625,67163.64844,62044.40874383249,5119.239696167511,0.679794825094574,-6.994058728752425,7.673853553847,1,0,False
2024-07-20,67163.64844,68154.52344,63545.10812945517,4609.415310544835,1.4753144342436795,-5.387647030189884,6.862961464433563,1,0,False
2024-07-21,68154.52344,67585.25,64763.51536191442,2821.7346380855815,-0.8352687558605933,-4.97547030912903,4.140201553268437,0,0,True
2024-07-22,67585.25,65927.67188,65669.33741877161,258.3344612283836,-2.4525737790420328,-2.83480875076794,0.38223497172590726,0,0,True
2024-07-23,65927.67188,65372.13281,65050.86042559249,321.27238440751535,-0.8426493066692402,-1.3299596806686254,0.48731037399938515,0,0,True
2024-07-24,65372.13281,65777.22656,62013.80934039944,3763.417219600553,0.61967344889507,-5.1372401744353615,5.756913623330432,1,0,False
2024-07-25,65777.22656,67912.0625,62770.07126775387,5141.991232246131,3.2455548092357946,-4.571727099960791,7.817281909196586,1,0,False
2024-07-26,67912.0625,67813.33594,63456.56866062834,4356.767279371663,-0.14537411523909397,-6.560681085737395,6.415306970498301,0,0,True
2024-07-27,67813.33594,68255.86719,63312.63692143133,4943.230268568674,0.6525726007514857,-6.63689369676609,7.289466297517576,1,0,False
2024-07-28,68255.86719,66819.91406,63749.06534083358,3070.848719166417,-2.1037797761807453,-6.602805055016144,4.499025278835399,0,0,True
2024-07-29,66819.91406,66201.01563,64834.730069948346,1366.2855600516486,-0.9262185363547011,-2.9709466376581717,2.0447281013034706,0,0,True
2024-07-30,66201.01563,64619.25,62471.21894120946,2148.0310587905406,-2.3893374066049726,-5.634047534310517,3.244710127705545,0,0,True
2024-07-31,64619.25,65357.5,62028.242172741,3329.2578272590035,1.1424614182306356,-4.009653202813408,5.152114621044044,1,0,False
2024-08-01,65357.5,61415.06641,62302.784609990325,-887.718199990326,-6.032105863902384,-4.6738559308567105,-1.3582499330456734,0,0,True
2024-08-02,61415.06641,60680.09375,59539.66056190643,1140.4331880935715,-1.1967302210395827,-3.0536576083359983,1.8569273872964156,0,0,True
2024-08-03,60680.09375,58116.97656,59084.479535209124,-967.5029752091214,-4.223983569570535,-2.629551334190013,-1.594432235380522,0,0,True
2024-08-04,58116.97656,53991.45703,58411.515762481606,-4420.058732481608,-7.098647889469639,0.5068040698530152,-7.605451959322654,0,1,False
2024-08-05,53991.45703,56034.31641,57782.073144580616,-1747.7567345806165,3.783671514671109,7.020770179390394,-3.237098664719285,1,1,True
2024-08-06,56034.31641,55027.46094,58325.80643650655,-3298.345496506554,-1.7968550961394734,4.0894404952491,-5.886295591388573,0,1,False
2024-08-07,55027.46094,61710.13672,56816.17978771073,4893.956932289271,12.144256096581595,3.250593098709551,8.893662997872044,1,1,True
2024-08-08,61710.13672,60880.11328,60373.35231623074,506.7609637692585,-1.3450358144012948,-2.166231473177107,0.8211956587758122,0,0,True
2024-08-09,60880.11328,60945.8125,60189.33503549326,756.4774645067373,0.10791573218308284,-1.1346533494931355,1.2425690816762183,1,0,False
2024-08-10,60945.8125,58719.48438,59335.52734621534,-616.0429662153401,-3.6529632286057363,-2.642158809162907,-1.0108044194428292,0,0,True
2024-08-11,58719.48438,59354.51563,59434.22893855444,-79.71330855444103,1.0814659847665373,1.2172187240763388,-0.13575273930980147,1,1,True
2024-08-12,59354.51563,60609.56641,58349.06375880347,2260.502651196526,2.11449923679547,-1.693977047111703,3.808476283907173,1,0,False
2024-08-13,60609.56641,58737.26953,60434.97919366056,-1697.7096636605638,-3.0891111600017824,-0.28805224435763765,-2.8010589156441448,0,0,True
2024-08-14,58737.26953,57560.09766,58523.43718205366,-963.3395220536622,-2.0041310728595567,-0.3640488392759242,-1.6400822335836325,0,0,True
2024-08-15,57560.09766,58894.10547,60198.086970594624,-1303.981500594622,2.3175912902021345,4.583017433668866,-2.2654261434667315,1,1,True
2024-08-16,58894.10547,59478.97266,60143.88079394965,-664.9081339496479,0.9930827293028875,2.122072003600202,-1.1289892742973144,1,1,True
2024-08-17,59478.97266,58483.96484,60132.47185448521,-1648.507014485207,-1.672873244949552,1.0987062574547302,-2.771579502404282,0,1,False
2024-08-18,58483.96484,59493.45313,59873.589432353154,-380.13630235315213,1.7260941400976348,2.3760779491521786,-0.6499838090545438,1,1,True
2024-08-19,59493.45313,59012.79297,58802.10192769092,210.69104230908124,-0.8079210983933006,-1.1620626572110366,0.354141558817736,0,0,True
2024-08-20,59012.79297,61175.19141,59699.84281854596,1475.348591454036,3.664287574220192,1.1642388268171493,2.500048747403043,1,1,True
2024-08-21,61175.19141,60381.91406,60788.85142925489,-406.93736925489065,-1.2967304747498078,-0.6315304812956465,-0.6651999934541614,0,0,True
2024-08-22,60381.91406,64094.35547,61026.5872246567,3067.768245343301,6.148267188600611,1.0676593723347407,5.0806078162658705,1,1,True
2024-08-23,64094.35547,64178.99219,64097.82433430758,81.1678556924162,0.13205019284359606,0.005412121367227736,0.12663807147636832,1,1,True
2024-08-24,64178.99219,64333.54297,64446.29488809253,-112.7519180925301,0.2408121017894174,0.41649563037885273,-0.17568352858943534,1,1,True
2024-08-25,64333.54297,62880.66016,63248.033737280086,-367.37357728008647,-2.2583597030829012,-1.6873145525750242,-0.5710451505078771,0,0,True
2024-08-26,62880.66016,59504.13281,62178.694240500656,-2674.561430500653,-5.369739028515945,-1.1163462942551647,-4.25339273426078,0,0,True
2024-08-27,59504.13281,59027.625,61566.97603024503,-2539.3510302450304,-0.8007978395744689,3.466722600313831,-4.2675204398883,0,1,False
2024-08-28,59027.625,59388.17969,61630.46968889362,-2242.289998893626,0.6108236440141327,4.409536532926106,-3.7987128889119735,1,1,True
2024-08-29,59388.17969,59119.47656,60303.0571002521,-1183.5805402521,-0.4524522074975125,1.5405042131745217,-1.9929564206720343,0,1,False
2024-08-30,59119.47656,58969.89844,60484.11986969871,-1514.221429698715,-0.25300988558009246,2.3082804332912876,-2.56129031887138,0,1,False
2024-08-31,58969.89844,57325.48828,60123.42176673721,-2797.933486737209,-2.7885585756487856,1.9561222882397926,-4.744680863888578,0,1,False
2024-09-01,57325.48828,59112.48047,58797.591359436134,314.8891105638686,3.1172733867902513,2.567973031901292,0.5493003548889592,1,1,True
2024-09-02,59112.48047,57431.02344,60523.09741766218,-3092.073977662185,-2.844504268186405,2.386326773037511,-5.230831041223915,0,1,False
2024-09-03,57431.02344,57971.53906,57049.73970501853,921.799354981471,0.9411561689557898,-0.6638985554206683,1.6050547243764581,1,0,False
2024-09-04,57971.53906,56160.48828,58478.1458931869,-2317.6576131869006,-3.1240343267850528,0.8738888796148092,-3.9979232063998618,0,1,False
2024-09-05,56160.48828,53948.75391,57855.04197507287,-3906.2880650728694,-3.938239210052677,3.017341456549158,-6.9555806666018345,0,1,False
2024-09-06,53948.75391,54139.6875,56114.53281223474,-1974.8453122347419,0.35391658965566747,4.0145114488609,-3.660594859205233,1,1,True
2024-09-07,54139.6875,54841.56641,56747.600583843596,-1906.0341738435964,1.2964221671948133,4.817008010701199,-3.520585843506386,1,1,True
2024-09-08,54841.56641,57019.53516,57515.22723863849,-495.69207863848715,3.9713831908398256,4.875245190208431,-0.9038619993686052,1,1,True
2024-09-09,57019.53516,57648.71094,57326.33336548417,322.3775745158273,1.103438984962777,0.538058061370156,0.565380923592621,1,1,True
2024-09-10,57648.71094,57343.17188,57923.313022315226,-580.141142315224,-0.5300015473338102,0.47633689953801506,-1.0063384468718253,0,1,False
2024-09-11,57343.17188,58127.01172,57436.02048404252,690.991235957481,1.366927943296046,0.16191745415970454,1.2050104891363413,1,1,True
2024-09-12,58127.01172,60571.30078,60743.502008731186,-172.20122873118817,4.205082951406873,4.501332876589141,-0.2962499251822681,1,1,True
2024-09-13,60571.30078,60005.12109,61356.10662664467,-1350.9855366446718,-0.9347325923483283,1.2956727634018539,-2.2304053557501824,0,1,False
2024-09-14,60005.12109,59182.83594,62474.62779069206,-3291.7918506920614,-1.3703582878645988,4.115493237632358,-5.485851525496956,0,1,False
2024-09-15,59182.83594,58192.50781,62645.96326979078,-4453.455459790777,-1.6733367272294901,5.85157381322809,-7.52491054045758,0,1,False
2024-09-16,58192.50781,60308.53906,60333.763665711784,-25.224605711780896,3.636260628101637,3.6796074551435987,-0.04334682704196169,1,1,True
2024-09-17,60308.53906,61649.67969,62579.28081089547,-929.6011208954733,2.223798902947583,3.7652076907987158,-1.5414087878511329,1,1,True
2024-09-18,61649.67969,62940.45703,63472.18684751986,-531.7298175198594,2.093729191279762,2.95623134894484,-0.862502157665078,1,1,True
2024-09-19,62940.45703,63192.97656,65160.43433198852,-1967.45777198852,0.401203839177151,3.527107057596345,-3.125903218419194,1,1,True
2024-09-20,63192.97656,63394.83984,66842.50803465402,-3447.6681946540193,0.31943942347506626,5.775216920172904,-5.455777496697837,1,1,True
2024-09-21,63394.83984,63648.71094,66112.93868116182,-2464.2277411618197,0.4004601961937801,4.287571114655278,-3.887110918461498,1,1,True
2024-09-22,63648.71094,63329.80078,66205.0556719352,-2875.254891935205,-0.5010473194038885,4.016333864710953,-4.517381184114841,0,1,False
2024-09-23,63329.80078,64301.96875,66091.94751345216,-1789.9787634521635,1.5350876807226905,4.36152758959013,-2.8264399088674397,1,1,True
2024-09-24,64301.96875,63143.14453,67468.53060360055,-4325.386073600552,-1.8021597822383975,4.924517732749123,-6.726677514987521,0,1,False
2024-09-25,63143.14453,65181.01953,66326.24432432392,-1145.2247943239272,3.227389157079093,5.041085327658336,-1.813696170579243,1,1,True
2024-09-26,65181.01953,65790.66406,67152.21540610792,-1361.5513461079245,0.935309902170838,3.0241869340516625,-2.0888770318808243,1,1,True
2024-09-27,65790.66406,65887.64844,67744.33941249302,-1856.6909724930156,0.14741359034096513,2.969532805918033,-2.8221192155770676,1,1,True
2024-09-28,65887.64844,65635.30469,67301.82257605632,-1666.5178860563174,-0.382990979302888,2.1463417947661654,-2.5293327740690534,0,1,False
2024-09-29,65635.30469,63329.5,67868.25428391906,-4538.754283919057,-3.513055513173095,3.4020556535319297,-6.9151111667050245,0,1,False
2024-09-30,63329.5,60837.00781,66046.55801106588,-5209.550201065875,-3.935752200791096,4.29035127557596,-8.226103476367056,0,1,False
2024-10-01,60837.00781,60632.78516,65592.28571978034,-4959.500559780339,-0.3356881893958541,7.8164230637896255,-8.15211125318548,0,1,False
2024-10-02,60632.78516,60759.40234,65426.73914285131,-4667.336802851307,0.20882626398553042,7.906537643291244,-7.697711379305714,1,1,True
2024-10-03,60759.40234,62067.47656,65477.07182869656,-3409.595268696554,2.1528753898536164,7.764509371401029,-5.611633981547413,1,1,True
2024-10-04,62067.47656,62089.94922,66627.6064723185,-4537.657252318495,0.03620682077879444,7.347052216486139,-7.310845395707345,1,1,True
2024-10-05,62089.94922,62818.95313,66145.38158191269,-3326.4284519126886,1.1741093673904592,6.531544014544593,-5.357434647154134,1,1,True
2024-10-06,62818.95313,62236.66016,65899.058996208,-3662.398836207998,-0.9269383537719618,4.903147398578744,-5.830085752350706,0,1,False
2024-10-07,62236.66016,62131.96875,65374.70438258817,-3242.73563258817,-0.1682150194609663,5.04211539391861,-5.210330413379576,0,1,False
2024-10-08,62131.96875,60582.10156,65263.20399318851,-4681.1024331885055,-2.494476227264241,5.0396523821539265,-7.534128609418167,0,1,False
2024-10-09,60582.10156,60274.5,63015.146516800785,-2740.6465168007853,-0.5077432972432573,4.016111845164557,-4.523855142407815,0,1,False
2024-10-10,60274.5,62445.08984,64390.251435832695,-1945.1615958326947,3.6011743606334363,6.8283460432400025,-3.227171682606566,1,1,True
2024-10-11,62445.08984,63193.02344,65128.408378419575,-1935.3849384195782,1.1977460548401648,4.297084919398644,-3.0993388645584794,1,1,True
2024-10-12,63193.02344,62851.375,66047.84852600221,-3196.4735260022135,-0.540642655473484,4.517626995190051,-5.058269650663535,0,1,False
2024-10-13,62851.375,66046.125,65105.4041012689,940.7208987311024,5.0830232433260205,3.58628447073576,1.4967387725902603,1,1,True
2024-10-14,66046.125,67041.10938,67468.28596658027,-427.1765865802736,1.5064992533626982,2.153284491073879,-0.6467852377111809,1,1,True
2024-10-15,67041.10938,67612.71875,69638.75029065534,-2026.0315406553418,0.8526251657919769,3.874698576259371,-3.022073410467394,1,1,True
2024-10-16,67612.71875,67399.83594,70794.81813488068,-3394.9821948806784,-0.31485616010670403,4.706362121964934,-5.021218282071637,0,1,False
2024-10-17,67399.83594,68418.78906,71007.92188504676,-2589.132825046763,1.5118035612239071,5.353256272402069,-3.841452711178162,1,1,True
2024-10-18,68418.78906,68362.73438,71111.70589844765,-2748.9715184476518,-0.08192878121658048,3.9359317454246256,-4.017860526641206,0,1,False
2024-10-19,68362.73438,69001.70313,72224.55796746071,-3222.85483746072,0.934674067377467,5.649018610043375,-4.714344542665907,1,1,True
2024-10-20,69001.70313,67367.85156,72241.39293649531,-4873.541376495312,-2.3678423805305266,4.695086729079281,-7.062929109609808,0,1,False
2024-10-21,67367.85156,67361.40625,72109.03102217402,-4747.624772174022,-0.00956733790783741,7.037747757105446,-7.047315095013284,0,1,False
2024-10-22,67361.40625,66432.19531,70812.67222496722,-4380.476914967221,-1.3794411247167282,5.123506421701546,-6.502947546418274,0,1,False
2024-10-23,66432.19531,68161.05469,69837.81552304876,-1676.7608330487565,2.60244204174262,5.126460441592722,-2.5240183998501022,1,1,True
2024-10-24,68161.05469,66642.41406,71068.85997404538,-4426.445914045384,-2.2280180917194796,4.266080237857562,-6.494098329577041,0,1,False
2024-10-25,66642.41406,67014.69531,70364.395411414,-3349.7001014140114,0.5586250967211737,5.585003790623505,-5.026378693902331,1,1,True
2024-10-26,67014.69531,67929.29688,70019.25531147925,-2089.958431479259,1.3647776293978333,4.483434547572903,-3.11865691817507,1,1,True
2024-10-27,67929.29688,69907.75781,70927.23864307566,-1019.4808330756641,2.9125296755169376,4.413326651049631,-1.500796975532693,1,1,True
2024-10-28,69907.75781,72720.49219,72131.39945996119,589.0927300388139,4.023493912713732,3.180822443204026,0.8426714695097064,1,1,True
2024-10-29,72720.49219,72339.53906,74452.46874782743,-2112.9296878274326,-0.5238593944120676,2.3816898176406904,-2.905549212052758,0,1,False
2024-10-30,72339.53906,70215.1875,74943.02429151768,-4727.836791517679,-2.936639613141593,3.5989795696075633,-6.535619182749157,0,1,False
2024-10-31,70215.1875,69482.46875,72491.11035672981,-3008.6416067298123,-1.043533138752923,3.2413540969748347,-4.284887235727758,0,1,False
2024-11-01,69482.46875,69289.27344,72778.52213736111,-3489.2486973611085,-0.27804900066967686,4.743719454212848,-5.021768454882525,0,1,False
2024-11-02,69289.27344,68741.11719,71242.5512744199,-2501.4340844198887,-0.7911127116589952,2.819019073870503,-3.6101317855294983,0,1,False
2024-11-03,68741.11719,67811.50781,70510.47449380453,-2698.9666838045378,-1.352333825809922,2.5739431887818123,-3.9262770145917343,0,1,False
2024-11-04,67811.50781,69359.5625,70467.94364657195,-1108.3811465719482,2.282879027461644,3.917382052637701,-1.6345030251760568,1,1,True
2024-11-05,69359.5625,75639.07813,72154.55665880654,3484.521471193453,9.053568684202693,4.029717111907304,5.023851572295389,1,1,True
2024-11-06,75639.07813,75904.85938,80188.47745342457,-4283.618073424572,0.35138086895137044,6.0146149793174,-5.66323411036603,1,1,True
2024-11-07,75904.85938,76545.47656,82100.25798650301,-5554.781426503017,0.8439738710177968,8.162057946102237,-7.318084075084441,1,1,True
2024-11-08,76545.47656,76778.86719,82155.27679665777,-5376.409606657762,0.30490453582461696,7.328715541094766,-7.023811005270149,1,1,True
2024-11-09,76778.86719,80474.1875,81628.3210802825,-1154.1335802825051,4.812939348083126,6.316131075862126,-1.503191727779,1,1,True
2024-11-10,80474.1875,88701.48438,86069.21513288119,2632.2692471188057,10.223522766228605,6.9525742436122,3.270948522616405,1,1,True
2024-11-11,88701.48438,87955.8125,91093.84962878292,-3138.0371287829184,-0.8406532147821926,2.6970971968563173,-3.53775041163851,0,1,False
2024-11-12,87955.8125,90584.16406,95862.15312231658,-5277.989062316585,2.9882636352202367,8.988991628400433,-6.000727993180195,1,1,True
2024-11-13,90584.16406,87250.42969,101377.99941889763,-14127.569728897623,-3.680261781509441,11.91580832136194,-15.59607010287138,0,1,False
2024-11-14,87250.42969,91066.00781,100163.25570071422,-9097.247890714221,4.37313390152542,14.799727699443277,-10.426593797917857,1,1,True
2024-11-15,91066.00781,90558.47656,102425.1648705639,-11866.688310563899,-0.5573223886775761,12.473542360903346,-13.030864749580923,0,1,False
2024-11-16,90558.47656,89845.85156,100091.86199435411,-10246.010434354117,-0.7869224694033436,10.527325322260388,-11.314247791663732,0,1,False
2024-11-17,89845.85156,90542.64063,98178.86528679135,-7636.2246567913535,0.7755383892540391,9.274789633694416,-8.499251244440376,1,1,True
2024-11-18,90542.64063,92343.78906,100259.60171755138,-7915.812657551389,1.9892819752853736,10.73191705028737,-8.742635075001996,1,1,True
2024-11-19,92343.78906,94339.49219,103942.48362025022,-9602.991430250215,2.1611666039643542,12.560340742260445,-10.399174138296091,1,1,True
2024-11-20,94339.49219,98504.72656,103067.92522101736,-4563.198661017363,4.415154537413873,9.252151806624383,-4.83699726921051,1,1,True
2024-11-21,98504.72656,98997.66406,107441.63901971016,-8443.974959710162,0.5004201495851551,9.072572222477689,-8.572152072892534,1,1,True
2024-11-22,98997.66406,97777.28125,109043.08124994024,-11265.799999940238,-1.2327389960033321,10.147125475457651,-11.379864471460984,0,1,False
2024-11-23,97777.28125,98013.82031,105681.7750920614,-7667.95478206141,0.24191617620785044,8.08418248187015,-7.8422663056622985,1,1,True
2024-11-24,98013.82031,93102.29688,104668.70834971737,-11566.411469717379,-5.011051925601655,6.789744567316293,-11.800796492917948,0,1,False
2024-11-25,93102.29688,91985.32031,105930.07220066569,-13944.751890665691,-1.1997304120645653,13.778151292228028,-14.977881704292592,0,1,False
2024-11-26,91985.32031,95962.53125,105281.86991602782,-9319.33866602782,4.323745274350728,14.455077789822424,-10.131332515471696,1,1,True
2024-11-27,95962.53125,95652.46875,105983.35390054857,-10330.885150548565,-0.3231078796704834,10.442432603661198,-10.76554048333168,0,1,False
2024-11-28,95652.46875,97461.52344,104890.49799625753,-7428.974556257526,1.8912786189849433,9.657909897132196,-7.766631278147253,1,1,True
2024-11-29,97461.52344,96449.05469,104424.8803154926,-7975.825625492595,-1.0388394458283874,7.144724020017426,-8.183563465845813,0,1,False
2024-11-30,96449.05469,97279.78906,104219.32591752254,-6939.536857522544,0.861319349028439,8.056347729376107,-7.195028380347668,1,1,True
2024-12-01,97279.78906,95865.30469,103085.13998124228,-7219.835291242271,-1.454037250355846,5.967684528655453,-7.421721779011299,0,1,False
2024-12-02,95865.30469,96002.16406,100677.17567229453,-4675.011612294533,0.14276214991706715,5.019408218494364,-4.876646068577297,1,1,True
2024-12-03,96002.16406,98768.53125,103115.13924645993,-4346.607996459934,2.8815675324475647,7.409182132617791,-4.527614600170226,1,1,True
2024-12-04,98768.53125,96593.57031,106281.50763795877,-9687.937327958774,-2.2020788529241235,7.6066499044540254,-9.808728757378148,0,1,False
2024-12-05,96593.57031,99920.71094,112540.86798773284,-12620.157047732835,3.4444742225824547,16.5096886123505,-13.065214389768046,1,1,True
2024-12-06,99920.71094,99923.33594,113465.69783424653,-13542.361894246525,0.0026270829894077213,13.555735109190692,-13.553108026201285,1,1,True
2024-12-07,99923.33594,101236.0156,111260.88167878066,-10024.866078780658,1.3136867856255383,11.34624423026509,-10.03255744463955,1,1,True
2024-12-08,101236.0156,97432.71875,110397.42012667935,-12964.701376679353,-3.7568614563293807,9.04955066868451,-12.80641212501389,0,1,False
2024-12-09,97432.71875,96675.42969,113781.23025195557,-17105.800561955562,-0.7772430757506656,16.779282885355766,-17.55652596110643,0,1,False
2024-12-10,96675.42969,101173.0313,113784.80200569672,-12611.77070569672,4.65226958330781,17.69774633591982,-13.04547675261201,1,1,True
2024-12-11,101173.0313,100043.0,116037.89281518504,-15994.892815185041,-1.1169293689038675,14.69251373037099,-15.809443099274858,0,1,False
2024-12-12,100043.0,101459.2578,114507.00792791581,-13047.750127915802,1.4156490708995197,14.457791077752374,-13.042142006852854,1,1,True
2024-12-13,101459.2578,101372.9688,114588.93246397324,-13215.963663973234,-0.08504793142691836,12.940834526756442,-13.02588245818336,0,1,False
2024-12-14,101372.9688,104298.6953,111500.35095425893,-7201.655654258924,2.886101230567891,9.990219556694022,-7.104118326126131,1,1,True
2024-12-15,104298.6953,106029.7188,109628.01269153427,-3598.2938915342675,1.6596789586110918,5.109668319632626,-3.4499893610215344,1,1,True
2024-12-16,106029.7188,106140.6016,113887.49732262173,-7746.895722621732,0.10457709522850506,7.410920835736219,-7.306343740507714,1,1,True
2024-12-17,106140.6016,100041.5391,113529.94917797018,-13488.410077970184,-5.746210599959516,6.961848215085098,-12.708058815044614,0,1,False
2024-12-18,100041.5391,97490.95313,112197.74285158858,-14706.78972158859,-2.549526919463397,12.151156270634175,-14.700683190097571,0,1,False
2024-12-19,97490.95313,97755.92969,112263.16396134524,-14507.234271345238,0.27179605029266174,15.152391434359187,-14.880595384066524,1,1,True
2024-12-20,97755.92969,97224.72656,115645.09415438093,-18420.367594380936,-0.5433973485644714,18.299825413261768,-18.84322276182624,0,1,False
2024-12-21,97224.72656,95104.9375,111791.05332479544,-16686.115824795444,-2.1802982996221814,14.982121606488835,-17.162419906111015,0,1,False
2024-12-22,95104.9375,94686.24219,108939.7228653162,-14253.480675316197,-0.44024560764786325,14.546863421592809,-14.987109029240672,0,1,False
2024-12-23,94686.24219,98676.09375,107204.32794255091,-8528.23419255091,4.213760592583081,13.220596216535633,-9.00683562395255,1,1,True
2024-12-24,98676.09375,99299.19531,107130.72150402659,-7831.526194026592,0.631461518509893,8.568060847084947,-7.9365993285750545,1,1,True
2024-12-25,99299.19531,95795.51563,105658.37316032505,-9862.857530325055,-3.5284069211859572,6.404057787651224,-9.93246470883718,0,1,False
2024-12-26,95795.51563,94164.85938,102410.83651243075,-8245.977132430751,-1.7022260794526505,6.905668641089345,-8.607894720541996,0,1,False
2024-12-27,94164.85938,95163.92969,101857.42756849571,-6693.497878495706,1.0609799840174838,8.16925574906085,-7.108275765043366,1,1,True
2024-12-28,95163.92969,93530.22656,98314.18197745498,-4783.955417454985,-1.7167251660601415,3.3103427923973276,-5.027067958457469,0,1,False
2024-12-29,93530.22656,92643.21094,96899.00803875434,-4255.797098754338,-0.9483732186096728,3.601810454926312,-4.550183673535985,0,1,False
2024-12-30,92643.21094,93429.20313,95802.42501626883,-2373.2218862688314,0.8484077592140395,3.4100869823206725,-2.561679223106633,1,1,True
2024-12-31,93429.20313,94419.75781,93766.11363177444,653.644178225557,1.060219553217976,0.3606051325361916,0.6996144206817843,1,1,True
2025-01-01,94419.75781,96886.875,92792.42099759617,4094.454002403829,2.6129247174776293,-1.723513012687979,4.336437730165608,1,0,False
2025-01-02,96886.875,98107.42969,96085.57292092229,2021.8567690777127,1.2597729981486185,-0.8270491530227476,2.0868221511713663,1,0,False
2025-01-03,98107.42969,98236.22656,95144.11975022149,3092.106809778503,0.1312814640103849,-3.020474544223595,3.15175600823398,1,0,False
2025-01-04,98236.22656,98314.96094,93866.72507226931,4448.235867730691,0.08014800930074423,-4.447953306779256,4.528101316080001,1,0,False
2025-01-05,98314.96094,102078.0859,92577.30544776197,9500.780452238032,3.8276218838113296,-5.8359942753164775,9.663616159127807,1,0,False
2025-01-06,102078.0859,96922.70313,94593.5321587908,2329.170971209198,-5.050430486177455,-7.332184645920373,2.281754159742918,0,0,True
2025-01-07,96922.70313,95043.52344,93699.68683519051,1343.8366048094904,-1.9388436654304755,-3.3253470969402588,1.3865034315097833,0,0,True
2025-01-08,95043.52344,92484.03906,93560.0882133241,-1076.0491533241002,-2.6929603273975684,-1.5607956996800378,-1.1321646277175306,0,0,True
2025-01-09,92484.03906,94701.45313,94705.99782824756,-4.544698247569613,2.397618110689811,2.4025321459047104,-0.004914035214899304,1,1,True
2025-01-10,94701.45313,94566.59375,94166.65100692894,399.9427430710639,-0.14240476311896527,-0.5647243050609971,0.42231954194203186,0,0,True
2025-01-11,94566.59375,94488.4375,91508.2481463716,2980.189353628404,-0.0826467856150312,-3.234065521820071,3.1514187362050397,0,0,True
2025-01-12,94488.4375,94516.52344,90802.30173864227,3714.221701357732,0.029724208319144324,-3.901150086599461,3.9308742949186053,1,0,False
2025-01-13,94516.52344,96534.04688,91580.248170407,4953.798709593,2.134572206605476,-3.1066264000463217,5.241198606651798,1,0,False
2025-01-14,96534.04688,100504.4922,93726.4868108952,6778.005389104786,4.112999970814027,-2.908362551706573,7.0213625225206,1,0,False
2025-01-15,100504.4922,99756.90625,96806.70309742502,2950.203152574977,-0.7438333686740356,-3.679227685879468,2.935394317205432,0,0,True
2025-01-16,99756.90625,104462.0391,96672.94987519574,7789.089224804251,4.7165986064248,-3.0914715489227156,7.808070155347516,1,0,False
2025-01-17,104462.0391,104408.0703,102234.68156205596,2173.388737944042,-0.05166355210463034,-2.13221717394566,2.0805536218410294,0,0,True
2025-01-18,104408.0703,101089.6094,100224.49095383097,865.1184461690282,-3.178356702183016,-4.006950165967231,0.8285934637842147,0,0,True
2025-01-19,101089.6094,102016.6641,102488.90940788666,-472.24530788666743,0.917062302943267,1.3842174444950035,-0.46715514155173654,1,1,True
2025-01-20,102016.6641,106146.2656,109542.13184750237,-3395.866247502374,4.047967590816376,7.376704398141929,-3.328736807325553,1,1,True
2025-01-21,106146.2656,103653.0703,111954.50541922974,-8301.435119229733,-2.3488299714615604,5.471921019923041,-7.820750991384601,0,1,False
2025-01-22,103653.0703,103960.1719,111414.51373436936,-7454.341834369363,0.2962783438166949,7.487905000696691,-7.191626656879996,1,1,True
2025-01-23,103960.1719,104819.4844,114823.09593841672,-10003.61153841672,0.8265785678255502,10.449120889166903,-9.622542321341353,1,1,True
2025-01-24,104819.4844,104714.6484,113597.20635974672,-8882.557959746715,-0.1000157562309052,8.37413197554969,-8.474147731780594,0,1,False
2025-01-25,104714.6484,102682.5,108925.16820347912,-6242.668203479116,-1.9406534148282595,4.020946322042093,-5.961599736870353,0,1,False
2025-01-26,102682.5,102087.6875,105887.14471097401,-3799.457210974011,-0.5792734886665205,3.1209258743934076,-3.7001993630599284,0,1,False
2025-01-27,102087.6875,101332.4766,108496.36045551492,-7163.883855514927,-0.7397668793310707,6.2776159519872765,-7.017382831318347,0,1,False
2025-01-28,101332.4766,103703.2109,106310.7359971622,-2607.525097162201,2.3395602076896354,4.912797519805425,-2.5732373121157894,1,1,True
2025-01-29,103703.2109,104735.3047,106645.84801386931,-1910.5433138693188,0.9952380365495392,2.8375564154005444,-1.8423183788510051,1,1,True
2025-01-30,104735.3047,102405.0234,105905.21996214727,-3500.1965621472627,-2.2249243525616897,1.1170209181119373,-3.341945270673627,0,1,False
2025-01-31,102405.0234,100655.9063,103770.42850698569,-3114.5222069856827,-1.7080383773439018,1.3333380157068344,-3.0413763930507365,0,1,False
2025-02-01,100655.9063,97688.97656,103565.91014471243,-5876.933584712431,-2.9475962703641234,2.891041322542266,-5.838637592906389,0,1,False
2025-02-02,97688.97656,101405.4219,102653.02757458668,-1247.6056745866808,3.804365109421928,5.081485331702494,-1.2771202222805655,1,1,True
2025-02-03,101405.4219,97871.82031,107869.11972685464,-9997.299416854643,-3.484627866826128,6.374114623997869,-9.858742490823996,0,1,False
2025-02-04,97871.82031,96615.44531,107650.63580459802,-11035.19049459802,-1.2836943218390622,9.991451536943444,-11.275145858782507,0,1,False
2025-02-05,96615.44531,96593.29688,106153.9245005156,-9560.627620515603,-0.022924316012761438,9.872623533339281,-9.895547849352042,0,1,False
2025-02-06,96593.29688,96529.08594,104727.59987166198,-8198.513931661975,-0.06647556515206289,8.421187861273035,-8.487663426425097,0,1,False
2025-02-07,96529.08594,96482.45313,105422.59786358714,-8940.144733587149,-0.04830959450812144,9.213297564130169,-9.26160715863829,0,1,False
2025-02-08,96482.45313,96500.09375,100561.2445098827,-4061.150759882701,0.018283759821318697,4.22749551608826,-4.209211756266941,1,1,True
2025-02-09,96500.09375,97437.55469,97810.53589522876,-372.9812052287598,0.9714611702125984,1.3579698156808933,-0.3865086454682949,1,1,True
2025-02-10,97437.55469,95747.42969,98153.49855190387,-2406.06886190387,-1.7345724709298942,0.7347719923613265,-2.469344463291221,0,1,False
2025-02-11,95747.42969,97885.85938,96207.95606156379,1677.9033184362052,2.2334068882303693,0.4809804013066711,1.752426486923698,1,1,True
2025-02-12,97885.85938,96623.86719,97347.4106865404,-723.5434965403983,-1.289248720901397,-0.55007811840247,-0.739170602498927,0,0,True
2025-02-13,96623.86719,97508.96875,97682.29334699025,-173.32459699024912,0.9160278777287423,1.0954086063528883,-0.179380728624146,1,1,True
2025-02-14,97508.96875,97580.35156,96790.91889282892,789.4326671710733,0.0732064044108717,-0.7363936531951865,0.8096000576060581,1,0,False
2025-02-15,97580.35156,96175.03125,95282.02743998483,893.0038100151723,-1.4401672954989255,-2.3553144493458595,0.915147153846934,0,0,True
2025-02-16,96175.03125,95773.38281,92723.03171302969,3050.3510969703057,-0.41762236495244653,-3.589288708414441,3.1716663434619945,0,0,True
2025-02-17,95773.38281,95539.54688,90677.04929774546,4862.497582254538,-0.24415544605320716,-5.321242043172788,5.077086597119581,0,0,True
2025-02-18,95539.54688,96635.60938,91395.9761568598,5239.63322314019,1.1472343503750142,-4.337021535537128,5.484255885912143,1,0,False
2025-02-19,96635.60938,98333.9375,90194.56086792098,8139.376632079016,1.7574557980192103,-6.6652950743559645,8.422750872375175,1,0,False
2025-02-20,98333.9375,96125.54688,91146.70693291171,4978.839947088287,-2.245807171100014,-7.309003127316337,5.0631959562163225,0,0,True
2025-02-21,96125.54688,96577.75781,90880.50006352477,5697.257746475225,0.47043782290729275,-5.4564545916425,5.926892414549793,1,0,False
2025-02-22,96577.75781,96273.92188,89687.90544694246,6586.016433057535,-0.3146023855697143,-7.133994948000478,6.819392562430763,0,0,True
2025-02-23,96273.92188,91418.17188,87772.5416727741,3645.6302072258986,-5.043681513309926,-8.830408111785857,3.786726598475931,0,0,True
2025-02-24,91418.17188,88736.17188,86257.61305137324,2478.5588286267594,-2.933771201988731,-5.645003310064835,2.711232108076104,0,0,True
2025-02-25,88736.17188,84347.02344,88319.62293457473,-3972.5994945747225,-4.94629004949136,-0.4694240652938875,-4.476865984197472,0,0,True
2025-02-26,84347.02344,84704.22656,87655.32154388422,-2951.0949838842207,0.423492264969002,3.92224641600727,-3.498754151038268,1,1,True
2025-02-27,84704.22656,84373.00781,85805.01734014021,-1432.009530140218,-0.39102977909299735,1.2995700744170966,-1.690599853510094,0,1,False
2025-02-28,84373.00781,86031.91406,88735.71548012196,-2703.801420121963,1.9661575343333726,5.17073858495879,-3.2045810506254173,1,1,True
2025-03-01,86031.91406,94248.35156,87007.03459676533,7241.316963234669,9.55045297989038,1.1334404766180919,8.41701250327229,1,1,True
2025-03-02,94248.35156,86065.67188,89783.15749747891,-3717.4856174789165,-8.682040104214213,-4.737689294945887,-3.944350809268326,0,0,True
2025-03-03,86065.67188,87222.19531,89404.51430803727,-2182.31899803727,1.3437685487571902,3.879412494092379,-2.5356439453351887,1,1,True
2025-03-04,87222.19531,90623.5625,89926.5892774685,696.9732225314947,3.899657854186157,3.1005800276600604,0.7990778265260965,1,1,True
2025-03-05,90623.5625,89961.72656,90993.96581550525,-1032.2392555052502,-0.730313311176665,0.4087273831297966,-1.1390406943064617,0,1,False
2025-03-06,89961.72656,86742.67188,91593.32574570634,-4850.65386570635,-3.578249110029087,1.813659261661851,-5.391908371690938,0,1,False
2025-03-07,86742.67188,86154.59375,90532.37373647359,-4377.779986473586,-0.6779571314260909,4.368901458000134,-5.046858589426225,0,1,False
2025-03-08,86154.59375,80601.03906,87212.0573037976,-6611.018243797604,-6.446034330003448,1.227402402785515,-7.6734367327889625,0,1,False
2025-03-09,80601.03906,78532.0,85545.9047016569,-7013.904701656895,-2.567012887339812,6.1349899447027045,-8.702002832042517,0,1,False
2025-03-10,78532.0,82862.21094,83676.66303257138,-814.4520925713732,5.513944557632563,6.551040381718762,-1.0370958240861992,1,1,True
2025-03-11,82862.21094,83722.35938,84781.43501866578,-1059.0756386657886,1.03804669250597,2.3161632508882444,-1.2781165583822744,1,1,True
2025-03-12,83722.35938,81066.70313,85754.27507769405,-4687.571947694058,-3.171979707292382,2.4269689874261373,-5.598948694718519,0,1,False
2025-03-13,81066.70313,83969.10156,84694.92429390314,-725.8227339031437,3.580259610836355,4.475599751583416,-0.8953401407470607,1,1,True
2025-03-14,83969.10156,84343.10938,83760.80914037343,582.3002396265656,0.44541124419766737,-0.24805841167388418,0.6934696558715515,1,0,False
2025-03-15,84343.10938,82579.6875,82526.64100991447,53.04649008552951,-2.0907717215582626,-2.15366540721376,0.06289368565549758,0,0,True
2025-03-16,82579.6875,84075.6875,81321.25007482004,2754.43742517996,1.8115835083536738,-1.5239067418122163,3.33549025016589,1,0,False
2025-03-17,84075.6875,82718.5,80309.3208800748,2409.179119925204,-1.6142449028442376,-4.479733359213036,2.865488456368798,0,0,True
2025-03-18,82718.5,86854.22656,79046.3675230825,7807.859036917493,4.999760102032792,-4.439312217844251,9.439072319877043,1,0,False
2025-03-19,86854.22656,84167.19531,81941.34713557322,2225.8481744267774,-3.0937253792062323,-5.656465573420193,2.5627401942139607,0,0,True
2025-03-20,84167.19531,84043.24219,80551.30714546065,3491.93504453935,-0.1472701086729262,-4.296077766666099,4.1488076579931725,0,0,True
2025-03-21,84043.24219,83832.48438,79072.19730054354,4760.2870794564515,-0.2507730598059761,-5.914865680952927,5.664092621146951,0,0,True
2025-03-22,83832.48438,86054.375,78558.42026993161,7495.954730068392,2.6503933844170846,-6.2911938600815525,8.941587244498637,1,0,False
2025-03-23,86054.375,87498.91406,79169.89118866439,8329.022871335605,1.6786352349895,-8.000155496261065,9.678790731250565,1,0,False
2025-03-24,87498.91406,87471.70313,81225.47466829668,6246.228461703315,-0.03109859167091142,-7.169734000814543,7.138635409143632,0,0,True
2025-03-25,87471.70313,86900.88281,81587.46445878751,5313.418351212487,-0.6525771187416446,-6.727019665396661,6.074442546655016,0,0,True
2025-03-26,86900.88281,87177.10156,80816.99921891128,6360.102341088714,0.3178549412483236,-7.000945668630905,7.318800609879228,1,0,False
2025-03-27,87177.10156,84353.14844,80127.86360046199,4225.284839538013,-3.2393289860140553,-8.086111872721919,4.846782886707864,0,0,True
2025-03-28,84353.14844,82597.58594,79176.86698001288,3420.71895998712,-2.081205660330181,-6.1364413252090815,4.0552356648789,0,0,True
2025-03-29,82597.58594,82334.52344,76019.0567739781,6315.466666021908,-0.31848691097472526,-7.964553795556011,7.646066884581286,0,0,True
2025-03-30,82334.52344,82548.91406,75096.13917896544,7452.774881034551,0.2603897017224188,-8.791432753369149,9.051822455091568,1,0,False
2025-03-31,82548.91406,85169.17188,76323.92800417339,8845.243875826607,3.174188116024744,-7.54096662168327,10.715154737708014,1,0,False
2025-04-01,85169.17188,82485.71094,77280.3045736354,5205.406366364608,-3.1507420828053614,-9.262585431122544,6.111843348317182,0,0,True
2025-04-02,82485.71094,83102.82813,80196.23359420392,2906.5945357960736,0.7481504165598817,-2.775604792279049,3.5237552088389306,1,0,False
2025-04-03,83102.82813,83843.80469,76601.21799188724,7242.586698112762,0.8916381989321477,-7.823572656206245,8.715210855138393,1,0,False
2025-04-04,83843.80469,83504.79688,75948.86386028235,7555.933019717646,-0.4043325696554934,-9.416248295157912,9.01191572550242,0,0,True
2025-04-05,83504.79688,78214.48438,73636.03763003308,4578.446749966912,-6.335339642347024,-11.818194425583414,5.48285478323639,0,0,True
2025-04-06,78214.48438,79235.33594,72088.83945208855,7146.496487911456,1.3051950263333183,-7.83185490062224,9.137049926955559,1,0,False
2025-04-07,79235.33594,76271.95313,75657.16551563275,614.7876143672474,-3.739976331070263,-4.515877142335565,0.7759008112653021,0,0,True
2025-04-08,76271.95313,82573.95313,74535.94786118543,8038.005268814566,8.262539165948327,-2.2760729174663608,10.538612083414687,1,0,False
2025-04-09,82573.95313,79626.14063,82834.42397669953,-3208.283346699536,-3.5699059912501974,0.31543947797856414,-3.8853454692287617,0,1,False
2025-04-10,79626.14063,83404.83594,81731.69848669207,1673.137453307936,4.745546224020239,2.644304797435809,2.10124142658443,1,1,True
2025-04-11,83404.83594,85287.10938,84363.91792975736,923.1914502426371,2.256791730103114,1.1499117274774089,1.1068800026257053,1,1,True
2025-04-12,85287.10938,83684.97656,84052.1697987717,-367.19323877170973,-1.8785169665695136,-1.4479791731784089,-0.43053779339110476,0,0,True
2025-04-13,83684.97656,84542.39063,84638.80072781869,-96.4100978186907,1.0245734721395958,1.1397794526892433,-0.11520598054964748,1,1,True
2025-04-14,84542.39063,83668.99219,83059.57616256662,609.4160274333844,-1.033089357293456,-1.7539301365665374,0.7208407792730813,0,0,True
2025-04-15,83668.99219,84033.86719,82408.00153698653,1625.8656530134758,0.4360934564281859,-1.5071182525420541,1.94321170897024,1,0,False
2025-04-16,84033.86719,84895.75,82222.23358102018,2673.5164189798234,1.02563744692516,-2.155837485003203,3.1814749319283626,1,0,False
2025-04-17,84895.75,84450.80469,81889.75299654657,2561.051693453439,-0.5241078734801159,-3.540809761917922,3.0167018884378063,0,0,True
2025-04-18,84450.80469,85063.41406,79793.35687340787,5270.057186592123,0.7254038280022823,-5.514983348813052,6.240387176815334,1,0,False
2025-04-19,85063.41406,85174.30469,79408.47618325122,5765.828506748789,0.13036230819726047,-6.647908433066224,6.778270741263484,1,0,False
2025-04-20,85174.30469,87518.90625,78052.95387912917,9465.95237087083,2.7527099499472243,-8.360914523211745,11.11362447315897,1,0,False
2025-04-21,87518.90625,93441.89063,79870.53793857884,13571.352691421154,6.767662707165052,-8.739104085205772,15.506766792370826,1,0,False
2025-04-22,93441.89063,93699.10938,86286.34181879644,7412.767561203553,0.27527134593038577,-7.657752602135629,7.9330239480660145,1,0,False
2025-04-23,93699.10938,93943.79688,85664.2119100161,8279.584969983887,0.2611417564361912,-8.575212211887823,8.836353968324014,1,0,False
2025-04-24,93943.79688,94720.5,88133.62984381465,6586.870156185352,0.8267742477900214,-6.184726644173238,7.0115008919632595,1,0,False
2025-04-25,94720.5,94646.92969,89430.89519427097,5216.034495729036,-0.07767094768291502,-5.584435054427534,5.506764106744619,0,0,True
2025-04-26,94646.92969,93754.84375,87786.55038281629,5968.293367183709,-0.9425408123875555,-7.248390760961527,6.305849948573972,0,0,True
2025-04-27,93754.84375,94978.75,86677.42154511291,8301.328454887087,1.3054325526514465,-7.548860327429309,8.854292880080756,1,0,False
2025-04-28,94978.75,94284.78906,87884.70998513192,6400.079074868074,-0.7306486345629991,-7.469081257510841,6.738432622947842,0,0,True
2025-04-29,94284.78906,94207.3125,88118.26748836122,6089.04501163878,-0.08217291545372368,-6.540314331842634,6.45814141638891,0,0,True
2025-04-30,94207.3125,96492.33594,86664.20062036776,9828.135319632245,2.425526617161491,-8.006928209136888,10.432454826298379,1,0,False
2025-05-01,96492.33594,96910.07031,87512.84981240903,9397.22049759097,0.43291974013329193,-9.305906049548351,9.738825789681643,1,0,False
2025-05-02,96910.07031,95891.79688,89610.39458950408,6281.402290495913,-1.0507405749915415,-7.532422272675488,6.481681697683946,0,0,True
2025-05-03,95891.79688,94315.97656,88364.3045000328,5951.672059967197,-1.6433317252068986,-7.8499857390170495,6.206654013810151,0,0,True
2025-05-04,94315.97656,94748.05469,85785.66733941028,8962.38735058972,0.4581176442838806,-9.044394737473853,9.502512381757734,1,0,False
2025-05-05,94748.05469,96802.47656,87245.1230727036,9557.353487296394,2.16829978907928,-7.918823918701821,10.087123707781101,1,0,False
2025-05-06,96802.47656,97032.32031,86654.50709542594,10377.813214574053,0.23743581586731258,-10.483171324944513,10.720607140811826,1,0,False
2025-05-07,97032.32031,103241.4609,91870.75294461846,11370.707955381542,6.399043710552293,-5.319431039978531,11.718474750530824,1,0,False
2025-05-08,103241.4609,102970.8516,96270.10114719211,6700.750452807886,-0.2621130092900603,-6.752480730159735,6.490367720869674,0,0,True
2025-05-09,102970.8516,104696.3281,96888.87867284754,7807.44942715246,1.6756941145857285,-5.906499589591095,7.582193704176824,1,0,False
2025-05-10,104696.3281,104106.3594,98025.32570658145,6081.033693418547,-0.56350467175553,-6.371763474882119,5.808258803126589,0,0,True
2025-05-11,104106.3594,102812.9531,98290.94539986196,4522.007700138041,-1.2423893290038557,-5.586031471712422,4.343642142708567,0,0,True
2025-05-12,102812.9531,104169.8125,100449.33452871513,3720.4779712848685,1.3197358495094147,-2.2989501809036814,3.6186860304130963,1,0,False
2025-05-13,104169.8125,103539.4141,100801.90146134674,2737.51263865325,-0.6051641880415264,-3.233096957579006,2.6279327695374795,0,0,True
2025-05-14,103539.4141,103744.6406,100991.04863842702,2753.59196157298,0.1982109921945215,-2.4612515762468234,2.659462568441345,1,0,False
2025-05-15,103744.6406,103489.2891,102478.44127488488,1010.84782511511,-0.24613464225544227,-1.2204961314552132,0.974361489199771,0,0,True
2025-05-16,103489.2891,103191.0859,101716.20145423431,1474.884445765696,-0.28814885346428476,-1.7133054649282398,1.425156611463955,0,0,True
2025-05-17,103191.0859,106446.0078,100931.9757663337,5514.0320336663135,3.1542665450330345,-2.189249307692683,5.343515852725718,1,0,False
2025-05-18,106446.0078,105606.1797,104793.25684369286,812.9228563071374,-0.788970969750181,-1.5526659857572889,0.7636950160071079,0,0,True
2025-05-19,105606.1797,106791.0859,104922.52754533826,1868.5583546617418,1.1220046055695094,-0.6473599902996299,1.7693645958691393,1,0,False
2025-05-20,106791.0859,109678.0781,104778.73472299412,4899.343377005876,2.7034018576263894,-1.8843812290571371,4.587783086683526,1,0,False
2025-05-21,109678.0781,111673.2813,108124.2639220918,3549.017377908196,1.8191449326645373,-1.416704417897885,3.235849350562422,1,0,False
2025-05-22,111673.2813,107287.7969,110590.33524230341,-3302.5383423034073,-3.9270668408307987,-0.9697449963768494,-2.9573218444539493,0,0,True
2025-05-23,107287.7969,107791.1563,110875.4032860253,-3084.246986025304,0.4691674305412093,3.34390908349923,-2.8747416529580208,1,1,True
2025-05-24,107791.1563,109035.3906,109087.58419965915,-52.193599659149186,1.1543009117901044,1.2027219524865098,-0.048421040696405404,1,1,True
2025-05-25,109035.3906,109440.3672,110823.94467654137,-1383.5774765413807,0.3714175716448477,1.640342705885969,-1.2689251342411212,1,1,True
2025-05-26,109440.3672,108994.6406,109959.80443192794,-965.1638319279446,-0.40727805598955863,0.4746303811085441,-0.8819084370981027,0,1,False
2025-05-27,108994.6406,107802.3281,110551.10101245673,-2748.7729124567268,-1.093918465565361,1.4280155463503834,-2.5219340119157447,0,1,False
2025-05-28,107802.3281,105641.7578,110575.38292747427,-4933.625127474268,-2.0041963268138288,2.5723515218538924,-4.576547848667721,0,1,False
2025-05-29,105641.7578,103998.5703,109831.27551364547,-5832.705213645459,-1.5554336980182282,3.9657781173776137,-5.521211815395842,0,1,False
2025-05-30,103998.5703,104638.0938,108377.0108104054,-3738.917010405392,0.6149348958886559,4.210096828999761,-3.5951619331111053,1,1,True
2025-05-31,104638.0938,105652.1016,107078.52668210128,-1426.425082101283,0.9690618045260989,2.3322604545585435,-1.3631986500324444,1,1,True
2025-06-01,105652.1016,105881.5313,105282.25843150867,599.2728684913309,0.2171558317586821,-0.350057559566163,0.5672133913248452,1,0,False
2025-06-02,105881.5313,105432.4688,106679.80318042194,-1247.334380421933,-0.424117874464477,0.7539292930701438,-1.1780471675346207,0,1,False
2025-06-03,105432.4688,104731.9844,106849.4698513218,-2117.4854513218015,-0.6643915370404389,1.3439892544011076,-2.0083807914415464,0,1,False
2025-06-04,104731.9844,101575.9531,105325.49538585838,-3749.542285858377,-3.0134359795439933,0.5666950638418101,-3.5801310433858036,0,1,False
2025-06-05,101575.9531,104390.3438,105121.93041369066,-731.5866136906552,2.7707253676756327,3.490961399298609,-0.7202360316229761,1,1,True
2025-06-06,104390.3438,105615.625,105690.99665022799,-75.37165022798581,1.173749559008539,1.2459513043849018,-0.07220174537636281,1,1,True
2025-06-07,105615.625,105793.6484,105940.37946606861,-146.7310660686053,0.1685578246589986,0.30748714129051524,-0.13892931663151664,1,1,True
2025-06-08,105793.6484,110294.1016,106243.33917903792,4050.76242096207,4.253991868192333,0.42506406182123796,3.8289278063710954,1,1,True
2025-06-09,110294.1016,110257.2344,108894.68684548332,1362.5475545166846,-0.03342626619662616,-1.2688028953641506,1.2353766291675243,0,0,True
2025-06-10,110257.2344,108686.625,111408.29190629954,-2721.666906299535,-1.4244955521938987,1.0439745859429375,-2.468470138136836,0,1,False
2025-06-11,108686.625,105929.0547,109344.94654602345,-3415.8918460234563,-2.537175388416014,0.6057061262353576,-3.1428815146513713,0,1,False
2025-06-12,105929.0547,106090.9688,109991.93303970047,-3900.9642397004645,0.152851453700369,3.835471156810459,-3.68261970311009,1,1,True
2025-06-13,106090.9688,105472.4063,111189.01844232858,-5716.61214232858,-0.5830491577149213,4.8053568555296104,-5.3884060132445315,0,1,False
2025-06-14,105472.4063,105552.0234,109307.64298462839,-3755.619584628381,0.0754861890355896,3.636246501970994,-3.5607603129354044,1,1,True
2025-06-15,105552.0234,106796.7578,107492.89471580525,-696.1369158052403,1.1792615242276836,1.83878172420259,-0.6595201999749063,1,1,True
2025-06-16,106796.7578,104601.1172,109450.61717410132,-4849.499974101331,-2.0559056709491355,2.4849624920929174,-4.540868163042052,0,1,False
2025-06-17,104601.1172,104883.3281,107631.56775980565,-2748.239659805651,0.26979721398234313,2.8971493239516346,-2.6273521099692916,1,1,True
2025-06-18,104883.3281,104684.2891,108003.13474385775,-3318.845643857756,-0.18977181941655447,2.974549626117129,-3.1643214455336834,0,1,False
2025-06-19,104684.2891,103309.6016,105701.47566111997,-2391.8740611199755,-1.3131746051089153,0.9716706965916394,-2.2848453017005546,0,1,False
2025-06-20,103309.6016,102257.4063,106290.95977422796,-4033.553474227956,-1.0184874239220687,2.8858480993580407,-3.9043355232801096,0,1,False
2025-06-21,102257.4063,100987.1406,104112.48774775772,-3125.347147757726,-1.2422236647322469,1.8141291813282792,-3.056352846060526,0,1,False
2025-06-22,100987.1406,105577.7734,102994.40826529777,2583.3651347022387,4.54575975983224,1.987646796782132,2.558112963050108,1,1,True
2025-06-23,105577.7734,106045.6328,106536.53500080007,-490.9022008000611,0.44314194639001653,0.9081093206688732,-0.46496737427885665,1,1,True
2025-06-24,106045.6328,107361.2578,107871.80854826409,-510.55074826408236,1.2406215751300604,1.7220659635349758,-0.4814443884049153,1,1,True
2025-06-25,107361.2578,106960.0,110808.04459668635,-3848.044596686348,-0.3737454350129705,3.210456795418003,-3.5842022304309737,0,1,False
2025-06-26,106960.0,107088.4297,112071.10782163037,-4982.678121630379,0.12007264397905135,4.77852264550334,-4.658450001524289,1,1,True
2025-06-27,107088.4297,107327.7031,108558.87517235926,-1231.172072359259,0.22343534280062893,1.3731133012955783,-1.1496779584949492,1,1,True
2025-06-28,107327.7031,108385.5703,108896.13236524956,-510.5620652495563,0.9856422614526331,1.4613461575602882,-0.47570389610765507,1,1,True
2025-06-29,108385.5703,107135.3359,109980.76948879915,-2845.4335887991474,-1.153506316882849,1.4717818842340362,-2.625288201116885,0,1,False
2025-06-30,107135.3359,105698.2813,107946.71589977719,-2248.434599777189,-1.3413451201024358,0.7573411638290161,-2.098686283931452,0,1,False
2025-07-01,105698.2813,108859.3203,106865.5541093112,1993.7661906888097,2.9906247870087213,1.1043441718774614,1.8862806151312599,1,1,True
2025-07-02,108859.3203,109647.9766,110780.56321009499,-1132.5866100949934,0.7244729232431077,1.7648860059022258,-1.040413082659118,1,1,True
2025-07-03,109647.9766,108034.3359,111740.28691318282,-3705.9510131828138,-1.4716557022174808,1.9082069528885632,-3.3798626551060442,0,1,False
2025-07-04,108034.3359,108231.1797,111270.19017722362,-3039.0104772236227,0.18220485030073463,2.995209115941454,-2.813004265640719,1,1,True
2025-07-05,108231.1797,109232.0703,110052.19492429728,-820.1246242972702,0.9247710343491835,1.6825236769522929,-0.7577526426031094,1,1,True
2025-07-06,109232.0703,108299.8516,110400.35046571275,-2100.498865712754,-0.8534294895626565,1.0695395248887285,-1.9229690144513851,0,1,False
2025-07-07,108299.8516,108950.2734,108991.63531454082,-41.36191454081563,0.6005749688395796,0.6387670013583164,-0.03819203251873682,1,1,True
2025-07-08,108950.2734,111326.5547,108348.7739099779,2977.780790022094,2.1810696071185696,-0.5520862603196609,2.7331558674382306,1,0,False
2025-07-09,111326.5547,115987.2031,112553.97957445504,3433.223525544963,4.186466034594714,1.1025445615942,3.083921473000514,1,1,True
2025-07-10,115987.2031,117516.9922,119843.35387906904,-2326.361679069043,1.3189292086654294,3.3246346803831477,-2.005705471717718,1,1,True
2025-07-11,117516.9922,117435.2266,122542.81102790855,-5107.584427908558,-0.06957768274126983,4.2766741505391925,-4.346251833280462,0,1,False
2025-07-12,117435.2266,119116.1172,121622.3181285093,-2506.200928509308,1.4313342330622274,3.5654476512155058,-2.1341134181532784,1,1,True
2025-07-13,119116.1172,119849.7031,121668.67989868196,-1818.9767986819643,0.6158578009794341,2.1429196641762007,-1.5270618631967667,1,1,True
2025-07-14,119849.7031,117777.1875,137012.65858770703,-19235.471087707032,-1.729262189553141,14.32039883602101,-16.04966102557415,0,1,False
2025-07-15,117777.1875,118738.5078,136439.8499957214,-17701.342195721387,0.8162194397790377,15.845736251531218,-15.02951681175218,1,1,True
2025-07-16,118738.5078,119289.8438,134466.31585512916,-15176.472055129154,0.4643278833591638,13.24575181761645,-12.781423934257285,1,1,True
2025-07-17,119289.8438,118003.2266,136149.36001955377,-18146.13341955378,-1.0785639070473891,14.133236898038229,-15.211800805085618,0,1,False
2025-07-18,118003.2266,117939.9766,137428.41101375982,-19488.434413759824,-0.053600229266951245,16.46157056332545,-16.5151707925924,0,1,False
2025-07-19,117939.9766,117300.7891,133692.23748008913,-16391.448380089132,-0.5419600023898937,13.356167547424402,-13.898127549814296,0,1,False
2025-07-20,117300.7891,117439.5391,132430.0824589156,-14990.543358915602,0.11828564928213257,12.897861536138297,-12.779575886856165,1,1,True
2025-07-21,117439.5391,119995.4141,133594.4749726169,-13599.060872616916,2.1763326215233763,13.75595987213553,-11.579627250612155,1,1,True
2025-07-22,119995.4141,118754.9609,136548.7725893282,-17793.8116893282,-1.0337505056370224,13.794992594911351,-14.828743100548373,0,1,False
2025-07-23,118754.9609,118368.0,134552.23749034133,-16184.23749034133,-0.32584819789200525,13.302414038638553,-13.628262236530558,0,1,False
2025-07-24,118368.0,117635.8828,134639.16911764158,-17003.28631764157,-0.6185093944309216,13.746256689005119,-14.36476608343604,0,1,False
2025-07-25,117635.8828,117947.3672,138426.15490111365,-20478.78770111366,0.26478689374870457,17.673410192755952,-17.408623299007246,1,1,True
2025-07-26,117947.3672,119448.4922,135662.4008112819,-16213.908611281906,1.2727075098290113,15.019439629579038,-13.746732119750027,1,1,True
2025-07-27,119448.4922,117924.4766,134418.31110174995,-16493.834501749952,-1.2758768000589287,12.53244693678097,-13.808323736839899,0,1,False
2025-07-28,117924.4766,117922.1484,134491.29841398093,-16569.15001398092,-0.001974314465593321,14.048671057642782,-14.050645372108375,0,1,False
2025-07-29,117922.1484,117831.1875,132142.09052701847,-14310.903027018474,-0.0771363999335052,12.058754288281325,-12.135890688214829,0,1,False
2025-07-30,117831.1875,115758.2031,133119.40086786618,-17361.19776786618,-1.759283296707844,12.974674780279353,-14.733958076987197,0,1,False
2025-07-31,115758.2031,113320.0859,132703.57146592674,-19383.485565926734,-2.106215485993488,14.638589674105559,-16.744805160099048,0,1,False
2025-08-01,113320.0859,112526.9141,133136.49064372055,-20609.576543720555,-0.6999392858737773,17.487107061679826,-18.187046347553604,0,1,False
2025-08-02,112526.9141,114217.6719,129855.93993681119,-15638.26803681119,1.5025363607656301,15.399894305651449,-13.897357944885819,1,1,True
2025-08-03,114217.6719,115071.8828,128941.95326601758,-13870.070466017569,0.7478798033529218,12.891421372087672,-12.14354156873475,1,1,True
2025-08-04,115071.8828,114141.4453,128833.14350350384,-14691.698203503838,-0.8085706754421854,11.958838569993258,-12.767409245435443,0,1,False
2025-08-05,114141.4453,115028.0,126313.8533018502,-11285.853301850206,0.7767158525720834,10.664319143547939,-9.887603290975855,1,1,True
2025-08-06,115028.0,117496.8984,126701.67785986184,-9204.779459861835,2.1463455854226843,10.148553273865355,-8.00220768844267,1,1,True
2025-08-07,117496.8984,116688.7266,130297.88023227308,-13609.153632273083,-0.6878239434446305,10.894740207264118,-11.582564150708748,0,1,False
2025-08-08,116688.7266,116500.3594,128886.68846515997,-12386.329065159967,-0.16142707653816604,10.453419298141501,-10.614846374679667,0,1,False
2025-08-09,116500.3594,119306.7578,126870.5238564878,-7563.766056487788,2.4089182337749984,8.90140125738341,-6.492483023608412,1,1,True
2025-08-10,119306.7578,118731.4453,130271.31480974107,-11539.869509741067,-0.4822128357258904,9.190222927792165,-9.672435763518056,0,1,False
2025-08-11,118731.4453,120172.9063,132591.03697614148,-12418.130676141474,1.2140515904256375,11.673059012397509,-10.459007421971872,1,1,True
2025-08-12,120172.9063,123344.0625,133681.58584624316,-10337.523346243164,2.6388279169045923,11.241035905813956,-8.602207988909363,1,1,True
2025-08-13,123344.0625,118359.5781,139148.62097226633,-20789.042872266335,-4.041122287503706,12.813392190861506,-16.85451447836521,0,1,False
2025-08-14,118359.5781,117398.3516,140403.21470437784,-23004.863104377844,-0.8121239661634145,18.62429467748993,-19.436418643653347,0,1,False
2025-08-15,117398.3516,117491.3516,136374.90466986925,-18883.55306986926,0.07921746662752972,16.164241500192635,-16.085024033565105,1,1,True
2025-08-16,117491.3516,117453.0625,134510.72682144673,-17057.664321446733,-0.032588866736634345,14.485640849029725,-14.51822971576636,0,1,False
2025-08-17,117453.0625,116252.3125,132855.89476723445,-16603.58226723445,-1.0223232791396988,13.11403205619645,-14.136355335336148,0,1,False
2025-08-18,116252.3125,112831.1797,133039.40618422272,-20208.22648422273,-2.9428513948916124,14.440223444348879,-17.383074839240493,0,1,False
2025-08-19,112831.1797,114274.7422,129348.33992107314,-15073.59772107315,1.279400342917801,14.638826133866214,-13.359425790948412,1,1,True
2025-08-20,114274.7422,112419.0313,129761.11549244757,-17342.084192447568,-1.62390294151982,13.551877689073077,-15.175780630592897,0,1,False
2025-08-21,112419.0313,116874.0859,128221.94200336726,-11347.85610336726,3.9629007192841756,14.057148972575483,-10.094248253291308,1,1,True
2025-08-22,116874.0859,115374.3281,133091.8777834796,-17717.549683479607,-1.2832252662777888,13.876294097697494,-15.159519363975283,0,1,False
2025-08-23,115374.3281,113458.4297,131297.04424236174,-17838.61454236174,-1.6605933326341127,13.800917764444806,-15.461511097078919,0,1,False
2025-08-24,113458.4297,110124.3516,132323.87844940415,-22199.526849404152,-2.938590027039656,16.627630753648756,-19.56622078068841,0,1,False
2025-08-25,110124.3516,111802.6563,130296.97605846848,-18494.319758468482,1.5240087007241074,18.318041527945297,-16.79403282722119,1,1,True
2025-08-26,111802.6563,111222.0625,131961.39103400378,-20739.328534003784,-0.5193023307443567,18.030640238020695,-18.54994256876505,0,1,False
2025-08-27,111222.0625,112544.8047,130815.38527341888,-18270.58057341889,1.1892804091814009,17.616399420230934,-16.427119011049534,1,1,True
2025-08-28,112544.8047,108410.8359,131685.3509716432,-23274.515071643196,-3.673176039551107,17.00704561411284,-20.68022165366395,0,1,False
2025-08-29,108410.8359,108808.0703,131419.4390851744,-22611.368785174403,0.36641577080580484,21.223527144830733,-20.857111374024928,1,1,True
2025-08-30,108808.0703,108236.7109,128933.72862322876,-20697.017723228753,-0.5251075572103048,18.49647573726776,-19.021583294478067,0,1,False
2025-08-31,108236.7109,109250.5938,125417.88689503926,-16167.293095039262,0.9367273742609604,15.873704819904368,-14.936977445643407,1,1,True
2025-09-01,109250.5938,111200.5859,128228.10546684184,-17027.51956684183,1.7848800927981805,17.37062564765834,-15.585745554860159,1,1,True
2025-09-02,111200.5859,111723.2109,130656.40427135656,-18933.193371356552,0.46998403449958803,17.496147357400346,-17.026163322900757,1,1,True
2025-09-03,111723.2109,110723.6016,128672.13862961295,-17948.537029612955,-0.8947194517124382,15.170462425022322,-16.06518187673476,0,1,False
2025-09-04,110723.6016,110650.9844,127994.64650561332,-17343.662105613315,-0.06558421054828957,15.598340964383265,-15.663925174931554,0,1,False
2025-09-05,110650.9844,110224.6953,128706.36068528215,-18481.665385282147,-0.3852555874776244,16.31741134811102,-16.702666935588642,0,1,False
2025-09-06,110224.6953,111167.6172,124599.29594445907,-13431.678744459074,0.8554543039866189,13.041179751357463,-12.185725447370844,1,1,True
2025-09-07,111167.6172,112071.4297,123348.07197662658,-11276.64227662659,0.8130177859024941,10.956837146840087,-10.143819360937593,1,1,True
2025-09-08,112071.4297,111530.5469,124365.9010691598,-12835.354169159793,-0.482623271111881,10.970210161564308,-11.45283343267619,0,1,False
2025-09-09,111530.5469,113955.3594,123799.9000586188,-9844.540658618804,2.174124100883432,11.000890338697698,-8.826766237814265,1,1,True
2025-09-10,113955.3594,115507.5391,126075.49903907132,-10567.959939071327,1.3620945150562118,10.635866275080451,-9.273771760024239,1,1,True
2025-09-11,115507.5391,116101.5781,125590.15228985579,-9488.57418985579,0.5142859112301912,8.728965458373093,-8.214679547142902,1,1,True
2025-09-12,116101.5781,115950.5078,124667.95201587229,-8717.444215872281,-0.13011907544432605,7.37834408115792,-7.508463156602246,0,1,False
2025-09-13,115950.5078,115407.6563,124302.69729626726,-8895.040996267257,-0.46817518120434165,7.203236669453596,-7.671411850657938,0,1,False
2025-09-14,115407.6563,115444.875,123302.95916165889,-7858.084161658888,0.03224976677738635,6.841229702416967,-6.80897993563958,1,1,True
2025-09-15,115444.875,116843.1875,125187.5275550863,-8344.3400550863,1.2112382641498811,8.439224829241056,-7.227986565091174,1,1,True
2025-09-16,116843.1875,116468.5078,125592.00904944795,-9123.501249447945,-0.32066884515624267,7.487660801317965,-7.808329646474207,0,1,False
2025-09-17,116468.5078,117137.2031,125432.71288588899,-8295.509785888993,0.5741425838032348,7.6966772007436886,-7.122534616940454,1,1,True
2025-09-18,117137.2031,115688.8594,126765.50317797126,-11076.643777971258,-1.2364506422127453,8.219677287113969,-9.456127929326714,0,1,False
2025-09-19,115688.8594,115721.9609,126613.68096735186,-10891.720067351853,0.028612521699737936,9.443278829103797,-9.414666307404058,1,1,True
2025-09-20,115721.9609,115306.0938,122840.10122102738,-7534.007421027374,-0.35936748458606793,6.151071296811538,-6.510438781397606,0,1,False
2025-09-21,115306.0938,112748.5078,121345.40209826219,-8596.894298262181,-2.2180839847338545,5.237631506915366,-7.4557154916492205,0,1,False
2025-09-22,112748.5078,112014.5,122642.2027593985,-10627.702759398497,-0.6510133165593937,8.77501188481227,-9.426025201371665,0,1,False
2025-09-23,112014.5,113328.6328,121059.74533716455,-7731.112537164547,1.1731809721062958,8.075066475469296,-6.901885503362999,1,1,True
2025-09-24,113328.6328,109049.2891,121953.95577510109,-12904.666675101093,-3.7760481127060874,7.610894759776084,-11.386942872482171,0,1,False
2025-09-25,109049.2891,109712.8281,121575.32807181822,-11862.499971818223,0.6084762271045417,11.486584713387396,-10.878108486282855,1,1,True
2025-09-26,109712.8281,109681.9453,121997.66989581956,-12315.724595819556,-0.028148759388321818,11.19727019033936,-11.22541894972768,0,1,False
2025-09-27,109681.9453,112122.6406,120757.4676088263,-8634.827008826294,2.2252480053341945,10.097853642669016,-7.872605637334821,1,1,True
2025-09-28,112122.6406,114400.3828,121394.14980767702,-6993.7670076770155,2.0314739180340067,8.269078535844814,-6.237604617810808,1,1,True
2025-09-29,114400.3828,114056.0859,123285.88774068552,-9229.801840685512,-0.30095782162015733,7.767023783669988,-8.067981605290145,0,1,False
2025-09-30,114056.0859,118648.9297,125399.28497067359,-6750.355270673594,4.026829225076877,9.945281727990265,-5.918452502913388,1,1,True
2025-10-01,118648.9297,120681.2578,129447.01362240862,-8765.75582240861,1.7128920632817253,9.10086921956332,-7.387977156281595,1,1,True
2025-10-02,120681.2578,122266.5313,131168.16384311742,-8901.63254311742,1.31360372679178,8.689755339223366,-7.376151612431586,1,1,True
2025-10-03,122266.5313,122425.4297,134300.7884922875,-11875.358792287516,0.12996066733103676,9.84264218861299,-9.712681521281953,1,1,True
2025-10-04,122425.4297,123513.4766,133545.09905144293,-10031.622451442934,0.8887425616281102,9.082810147116794,-8.194067585488684,1,1,True
2025-10-05,123513.4766,124752.5313,138480.50015779032,-13727.968857790314,1.0031736893073642,12.117725101578367,-11.114551412271004,1,1,True
2025-10-06,124752.5313,121451.3828,138661.4290694641,-17210.04626946409,-2.646157529310185,11.14919082164074,-13.795348350950926,0,1,False
2025-10-07,121451.3828,123354.8672,140019.25011189695,-16664.38291189696,1.5672809614152756,15.288312807828271,-13.721031846412995,1,1,True
2025-10-08,123354.8672,121705.5859,142211.01041546377,-20505.42451546376,-1.3370216655707186,15.286095833487934,-16.62311749905865,0,1,False
2025-10-09,121705.5859,113214.3672,140572.0945326877,-27357.72733268772,-6.976852078898715,15.501760657221983,-22.4786127361207,0,1,False
2025-10-10,113214.3672,110807.8828,146159.27698579637,-35351.394185796365,-2.125599832880563,29.099583913760004,-31.225183746640568,0,1,False
2025-10-11,110807.8828,115169.7656,145675.36470278862,-30505.59910278862,3.9364372730348673,31.466607809592233,-27.530170536557364,1,1,True
2025-10-12,115169.7656,115271.0781,147542.81919164886,-32271.74109164886,0.08796796578702076,28.10898626301351,-28.02101829722649,1,1,True
2025-10-13,115271.0781,113118.6641,149331.74570870813,-36213.08160870813,-1.867262834249491,29.548320506866265,-31.415583341115756,0,1,False
