date,krw_price
2021-01-01 09:00:00,32296000.0
2021-01-02 09:00:00,35700000.0
2021-01-03 09:00:00,37537000.0
2021-01-04 09:00:00,36460000.0
2021-01-05 09:00:00,38093000.0
2021-01-06 09:00:00,40762000.0
2021-01-07 09:00:00,44698000.0
2021-01-08 09:00:00,47215000.0
2021-01-09 09:00:00,45718000.0
2021-01-10 09:00:00,43404000.0
2021-01-11 09:00:00,40094000.0
2021-01-12 09:00:00,38577000.0
2021-01-13 09:00:00,41380000.0
2021-01-14 09:00:00,42735000.0
2021-01-15 09:00:00,40952000.0
2021-01-16 09:00:00,40086000.0
2021-01-17 09:00:00,39536000.0
2021-01-18 09:00:00,40008000.0
2021-01-19 09:00:00,39586000.0
2021-01-20 09:00:00,39253000.0
2021-01-21 09:00:00,34519000.0
2021-01-22 09:00:00,36345000.0
2021-01-23 09:00:00,35493000.0
2021-01-24 09:00:00,35539000.0
2021-01-25 09:00:00,36054000.0
2021-01-26 09:00:00,35923000.0
2021-01-27 09:00:00,34300000.0
2021-01-28 09:00:00,36624000.0
2021-01-29 09:00:00,37523000.0
2021-01-30 09:00:00,37087000.0
2021-01-31 09:00:00,36408000.0
2021-02-01 09:00:00,36618000.0
2021-02-02 09:00:00,37910000.0
2021-02-03 09:00:00,39357000.0
2021-02-04 09:00:00,39810000.0
2021-02-05 09:00:00,40424000.0
2021-02-06 09:00:00,41725000.0
2021-02-07 09:00:00,41921000.0
2021-02-08 09:00:00,49070000.0
2021-02-09 09:00:00,48779000.0
2021-02-10 09:00:00,48550000.0
2021-02-11 09:00:00,51370000.0
2021-02-12 09:00:00,50836000.0
2021-02-13 09:00:00,50626000.0
2021-02-14 09:00:00,52706000.0
2021-02-15 09:00:00,52532000.0
2021-02-16 09:00:00,54760000.0
2021-02-17 09:00:00,57484000.0
2021-02-18 09:00:00,57852000.0
2021-02-19 09:00:00,63649000.0
2021-02-20 09:00:00,64251000.0
2021-02-21 09:00:00,65417000.0
2021-02-22 09:00:00,61744000.0
2021-02-23 09:00:00,55105000.0
2021-02-24 09:00:00,56500000.0
2021-02-25 09:00:00,54168000.0
2021-02-26 09:00:00,53804000.0
2021-02-27 09:00:00,53494000.0
2021-02-28 09:00:00,51798000.0
2021-03-01 09:00:00,56426000.0
2021-03-02 09:00:00,56000000.0
2021-03-03 09:00:00,57933000.0
2021-03-04 09:00:00,56426000.0
2021-03-05 09:00:00,56654000.0
2021-03-06 09:00:00,56225000.0
2021-03-07 09:00:00,58155000.0
2021-03-08 09:00:00,59821000.0
2021-03-09 09:00:00,62949000.0
2021-03-10 09:00:00,64350000.0
2021-03-11 09:00:00,66208000.0
2021-03-12 09:00:00,66607000.0
2021-03-13 09:00:00,70615000.0
2021-03-14 09:00:00,68587000.0
2021-03-15 09:00:00,64487000.0
2021-03-16 09:00:00,66020000.0
2021-03-17 09:00:00,68494000.0
2021-03-18 09:00:00,67139000.0
2021-03-19 09:00:00,67974000.0
2021-03-20 09:00:00,67849000.0
2021-03-21 09:00:00,67120000.0
2021-03-22 09:00:00,64725000.0
2021-03-23 09:00:00,65458000.0
2021-03-24 09:00:00,64777000.0
2021-03-25 09:00:00,63328000.0
2021-03-26 09:00:00,65675000.0
2021-03-27 09:00:00,66591000.0
2021-03-28 09:00:00,67133000.0
2021-03-29 09:00:00,68701000.0
2021-03-30 09:00:00,70800000.0
2021-03-31 09:00:00,71513000.0
2021-04-01 09:00:00,72749000.0
2021-04-02 09:00:00,73855000.0
2021-04-03 09:00:00,72187000.0
2021-04-04 09:00:00,73974000.0
2021-04-05 09:00:00,78770000.0
2021-04-06 09:00:00,77944000.0
2021-04-07 09:00:00,72850000.0
2021-04-08 09:00:00,75316000.0
2021-04-09 09:00:00,76066000.0
2021-04-10 09:00:00,78530000.0
2021-04-11 09:00:00,78743000.0
2021-04-12 09:00:00,78178000.0
2021-04-13 09:00:00,80736000.0
2021-04-14 09:00:00,80401000.0
2021-04-15 09:00:00,79670000.0
2021-04-16 09:00:00,79351000.0
2021-04-17 09:00:00,77905000.0
2021-04-18 09:00:00,75643000.0
2021-04-19 09:00:00,71456000.0
2021-04-20 09:00:00,70402000.0
2021-04-21 09:00:00,68198000.0
2021-04-22 09:00:00,59962000.0
2021-04-23 09:00:00,60900000.0
2021-04-24 09:00:00,60853000.0
2021-04-25 09:00:00,59859000.0
2021-04-26 09:00:00,64198000.0
2021-04-27 09:00:00,64767000.0
2021-04-28 09:00:00,64100000.0
2021-04-29 09:00:00,63814000.0
2021-04-30 09:00:00,67939000.0
2021-05-01 09:00:00,69049000.0
2021-05-02 09:00:00,68452000.0
2021-05-03 09:00:00,69996000.0
2021-05-04 09:00:00,66829000.0
2021-05-05 09:00:00,68679000.0
2021-05-06 09:00:00,68767000.0
2021-05-07 09:00:00,68563000.0
2021-05-08 09:00:00,71740000.0
2021-05-09 09:00:00,71505000.0
2021-05-10 09:00:00,70902000.0
2021-05-11 09:00:00,69741000.0
2021-05-12 09:00:00,62257000.0
2021-05-13 09:00:00,63069000.0
2021-05-14 09:00:00,61797000.0
2021-05-15 09:00:00,58807000.0
2021-05-16 09:00:00,57649000.0
2021-05-17 09:00:00,54057000.0
2021-05-18 09:00:00,53419000.0
2021-05-19 09:00:00,50379000.0
2021-05-20 09:00:00,51320000.0
2021-05-21 09:00:00,49112000.0
2021-05-22 09:00:00,47460000.0
2021-05-23 09:00:00,42585000.0
2021-05-24 09:00:00,46963000.0
2021-05-25 09:00:00,47047000.0
2021-05-26 09:00:00,47325000.0
2021-05-27 09:00:00,46563000.0
2021-05-28 09:00:00,43723000.0
2021-05-29 09:00:00,42688000.0
2021-05-30 09:00:00,43177000.0
2021-05-31 09:00:00,43761000.0
2021-06-01 09:00:00,43200000.0
2021-06-02 09:00:00,43732000.0
2021-06-03 09:00:00,45431000.0
2021-06-04 09:00:00,42938000.0
2021-06-05 09:00:00,41943000.0
2021-06-06 09:00:00,41780000.0
2021-06-07 09:00:00,39064000.0
2021-06-08 09:00:00,38494000.0
2021-06-09 09:00:00,43278000.0
2021-06-10 09:00:00,42836000.0
2021-06-11 09:00:00,43698000.0
2021-06-12 09:00:00,41430000.0
2021-06-13 09:00:00,44746000.0
2021-06-14 09:00:00,46501000.0
2021-06-15 09:00:00,46389000.0
2021-06-16 09:00:00,45295000.0
2021-06-17 09:00:00,44854000.0
2021-06-18 09:00:00,42599000.0
2021-06-19 09:00:00,42088000.0
2021-06-20 09:00:00,41842000.0
2021-06-21 09:00:00,37393000.0
2021-06-22 09:00:00,37784000.0
2021-06-23 09:00:00,39077000.0
2021-06-24 09:00:00,40098000.0
2021-06-25 09:00:00,37152000.0
2021-06-26 09:00:00,37629000.0
2021-06-27 09:00:00,39985000.0
2021-06-28 09:00:00,39959000.0
2021-06-29 09:00:00,41528000.0
2021-06-30 09:00:00,40674000.0
2021-07-01 09:00:00,39320000.0
2021-07-02 09:00:00,39442000.0
2021-07-03 09:00:00,40299000.0
2021-07-04 09:00:00,40948000.0
2021-07-05 09:00:00,39506000.0
2021-07-06 09:00:00,39814000.0
2021-07-07 09:00:00,39743000.0
2021-07-08 09:00:00,39082000.0
2021-07-09 09:00:00,39820000.0
2021-07-10 09:00:00,39626000.0
2021-07-11 09:00:00,40194000.0
2021-07-12 09:00:00,39193000.0
2021-07-13 09:00:00,38713000.0
2021-07-14 09:00:00,38592000.0
2021-07-15 09:00:00,37606000.0
2021-07-16 09:00:00,37199000.0
2021-07-17 09:00:00,37205000.0
2021-07-18 09:00:00,37663000.0
2021-07-19 09:00:00,36799000.0
2021-07-20 09:00:00,35305000.0
2021-07-21 09:00:00,38013000.0
2021-07-22 09:00:00,37925000.0
2021-07-23 09:00:00,39108000.0
2021-07-24 09:00:00,40112000.0
2021-07-25 09:00:00,41070000.0
2021-07-26 09:00:00,43001000.0
2021-07-27 09:00:00,45409000.0
2021-07-28 09:00:00,46350000.0
2021-07-29 09:00:00,45907000.0
2021-07-30 09:00:00,48555000.0
2021-07-31 09:00:00,47979000.0
2021-08-01 09:00:00,46274000.0
2021-08-02 09:00:00,45451000.0
2021-08-03 09:00:00,44969000.0
2021-08-04 09:00:00,45718000.0
2021-08-05 09:00:00,47139000.0
2021-08-06 09:00:00,49349000.0
2021-08-07 09:00:00,50956000.0
2021-08-08 09:00:00,50799000.0
2021-08-09 09:00:00,52846000.0
2021-08-10 09:00:00,52339000.0
2021-08-11 09:00:00,52590000.0
2021-08-12 09:00:00,52079000.0
2021-08-13 09:00:00,55146000.0
2021-08-14 09:00:00,54812000.0
2021-08-15 09:00:00,54636000.0
2021-08-16 09:00:00,53863000.0
2021-08-17 09:00:00,52660000.0
2021-08-18 09:00:00,52812000.0
2021-08-19 09:00:00,55017000.0
2021-08-20 09:00:00,57683000.0
2021-08-21 09:00:00,57553000.0
2021-08-22 09:00:00,57681000.0
2021-08-23 09:00:00,57627000.0
2021-08-24 09:00:00,56134000.0
2021-08-25 09:00:00,57100000.0
2021-08-26 09:00:00,55225000.0
2021-08-27 09:00:00,57401000.0
2021-08-28 09:00:00,57428000.0
2021-08-29 09:00:00,57272000.0
2021-08-30 09:00:00,55800000.0
2021-08-31 09:00:00,55230000.0
2021-09-01 09:00:00,56455000.0
2021-09-02 09:00:00,57155000.0
2021-09-03 09:00:00,57783000.0
2021-09-04 09:00:00,57827000.0
2021-09-05 09:00:00,59212000.0
2021-09-06 09:00:00,60839000.0
2021-09-07 09:00:00,56672000.0
2021-09-08 09:00:00,55580000.0
2021-09-09 09:00:00,55900000.0
2021-09-10 09:00:00,55031000.0
2021-09-11 09:00:00,54800000.0
2021-09-12 09:00:00,55078000.0
2021-09-13 09:00:00,54274000.0
2021-09-14 09:00:00,56564000.0
2021-09-15 09:00:00,57207000.0
2021-09-16 09:00:00,57277000.0
2021-09-17 09:00:00,57642000.0
2021-09-18 09:00:00,58597000.0
2021-09-19 09:00:00,57976000.0
2021-09-20 09:00:00,53801000.0
2021-09-21 09:00:00,50699000.0
2021-09-22 09:00:00,53856000.0
2021-09-23 09:00:00,54410000.0
2021-09-24 09:00:00,52176000.0
2021-09-25 09:00:00,52326000.0
2021-09-26 09:00:00,52798000.0
2021-09-27 09:00:00,51834000.0
2021-09-28 09:00:00,50309000.0
2021-09-29 09:00:00,50800000.0
2021-09-30 09:00:00,53523000.0
2021-10-01 09:00:00,58348000.0
2021-10-02 09:00:00,58228000.0
2021-10-03 09:00:00,58567000.0
2021-10-04 09:00:00,60020000.0
2021-10-05 09:00:00,61666000.0
2021-10-06 09:00:00,67000000.0
2021-10-07 09:00:00,65500000.0
2021-10-08 09:00:00,65951000.0
2021-10-09 09:00:00,67057000.0
2021-10-10 09:00:00,67801000.0
2021-10-11 09:00:00,70921000.0
2021-10-12 09:00:00,69164000.0
2021-10-13 09:00:00,69857000.0
2021-10-14 09:00:00,69783000.0
2021-10-15 09:00:00,75688000.0
2021-10-16 09:00:00,74806000.0
2021-10-17 09:00:00,75933000.0
2021-10-18 09:00:00,76546000.0
2021-10-19 09:00:00,78776000.0
2021-10-20 09:00:00,79917000.0
2021-10-21 09:00:00,76396000.0
2021-10-22 09:00:00,74364000.0
2021-10-23 09:00:00,74830000.0
2021-10-24 09:00:00,74501000.0
2021-10-25 09:00:00,76200000.0
2021-10-26 09:00:00,73293000.0
2021-10-27 09:00:00,71845000.0
2021-10-28 09:00:00,73122000.0
2021-10-29 09:00:00,74568000.0
2021-10-30 09:00:00,73413000.0
2021-10-31 09:00:00,72391000.0
2021-11-01 09:00:00,72401000.0
2021-11-02 09:00:00,74150000.0
2021-11-03 09:00:00,74600000.0
2021-11-04 09:00:00,73807000.0
2021-11-05 09:00:00,74121000.0
2021-11-06 09:00:00,74575000.0
2021-11-07 09:00:00,76536000.0
2021-11-08 09:00:00,81403000.0
2021-11-09 09:00:00,80857000.0
2021-11-10 09:00:00,79660000.0
2021-11-11 09:00:00,78917000.0
2021-11-12 09:00:00,78165000.0
2021-11-13 09:00:00,77867000.0
2021-11-14 09:00:00,79310000.0
2021-11-15 09:00:00,77602000.0
2021-11-16 09:00:00,73897000.0
2021-11-17 09:00:00,73935000.0
2021-11-18 09:00:00,70611000.0
2021-11-19 09:00:00,71813000.0
2021-11-20 09:00:00,73669000.0
2021-11-21 09:00:00,73047000.0
2021-11-22 09:00:00,70589000.0
2021-11-23 09:00:00,71802000.0
2021-11-24 09:00:00,71680000.0
2021-11-25 09:00:00,73171000.0
2021-11-26 09:00:00,68549000.0
2021-11-27 09:00:00,70039000.0
2021-11-28 09:00:00,72303000.0
2021-11-29 09:00:00,72240000.0
2021-11-30 09:00:00,70702000.0
2021-12-01 09:00:00,70936000.0
2021-12-02 09:00:00,70539000.0
2021-12-03 09:00:00,68053000.0
2021-12-04 09:00:00,62206000.0
2021-12-05 09:00:00,61877000.0
2021-12-06 09:00:00,62626000.0
2021-12-07 09:00:00,63204000.0
2021-12-08 09:00:00,62217000.0
2021-12-09 09:00:00,59425000.0
2021-12-10 09:00:00,59683000.0
2021-12-11 09:00:00,61427000.0
2021-12-12 09:00:00,62049000.0
2021-12-13 09:00:00,58626000.0
2021-12-14 09:00:00,59930000.0
2021-12-15 09:00:00,61198000.0
2021-12-16 09:00:00,59817000.0
2021-12-17 09:00:00,58086000.0
2021-12-18 09:00:00,58402000.0
2021-12-19 09:00:00,58329000.0
2021-12-20 09:00:00,58011000.0
2021-12-21 09:00:00,60023000.0
2021-12-22 09:00:00,59753000.0
2021-12-23 09:00:00,61490000.0
2021-12-24 09:00:00,61939000.0
2021-12-25 09:00:00,61177000.0
2021-12-26 09:00:00,61467000.0
2021-12-27 09:00:00,61508000.0
2021-12-28 09:00:00,58274000.0
2021-12-29 09:00:00,57089000.0
2021-12-30 09:00:00,57200000.0
2021-12-31 09:00:00,56784000.0
2022-01-01 09:00:00,57915000.0
2022-01-02 09:00:00,57531000.0
2022-01-03 09:00:00,56641000.0
2022-01-04 09:00:00,56023000.0
2022-01-05 09:00:00,53854000.0
2022-01-06 09:00:00,53239000.0
2022-01-07 09:00:00,51449000.0
2022-01-08 09:00:00,52142000.0
2022-01-09 09:00:00,51678000.0
2022-01-10 09:00:00,51246000.0
2022-01-11 09:00:00,52307000.0
2022-01-12 09:00:00,53349000.0
2022-01-13 09:00:00,51885000.0
2022-01-14 09:00:00,52230000.0
2022-01-15 09:00:00,52357000.0
2022-01-16 09:00:00,52165000.0
2022-01-17 09:00:00,51436000.0
2022-01-18 09:00:00,51179000.0
2022-01-19 09:00:00,50333000.0
2022-01-20 09:00:00,49648000.0
2022-01-21 09:00:00,45316000.0
2022-01-22 09:00:00,43375000.0
2022-01-23 09:00:00,44253000.0
2022-01-24 09:00:00,44731000.0
2022-01-25 09:00:00,44909000.0
2022-01-26 09:00:00,45100000.0
2022-01-27 09:00:00,45809000.0
2022-01-28 09:00:00,46588000.0
2022-01-29 09:00:00,47146000.0
2022-01-30 09:00:00,47208000.0
2022-01-31 09:00:00,47266000.0
2022-02-01 09:00:00,47760000.0
2022-02-02 09:00:00,45517000.0
2022-02-03 09:00:00,45835000.0
2022-02-04 09:00:00,50633000.0
2022-02-05 09:00:00,50788000.0
2022-02-06 09:00:00,51732000.0
2022-02-07 09:00:00,53511000.0
2022-02-08 09:00:00,53651000.0
2022-02-09 09:00:00,53660000.0
2022-02-10 09:00:00,53123000.0
2022-02-11 09:00:00,51882000.0
2022-02-12 09:00:00,51597000.0
2022-02-13 09:00:00,51550000.0
2022-02-14 09:00:00,51586000.0
2022-02-15 09:00:00,53832000.0
2022-02-16 09:00:00,53298000.0
2022-02-17 09:00:00,49376000.0
2022-02-18 09:00:00,49015000.0
2022-02-19 09:00:00,49035000.0
2022-02-20 09:00:00,47131000.0
2022-02-21 09:00:00,45450000.0
2022-02-22 09:00:00,46474000.0
2022-02-23 09:00:00,45543000.0
2022-02-24 09:00:00,46927000.0
2022-02-25 09:00:00,47831000.0
2022-02-26 09:00:00,47809000.0
2022-02-27 09:00:00,46358000.0
2022-02-28 09:00:00,52332000.0
2022-03-01 09:00:00,53790000.0
2022-03-02 09:00:00,53359000.0
2022-03-03 09:00:00,51842000.0
2022-03-04 09:00:00,48450000.0
2022-03-05 09:00:00,48605000.0
2022-03-06 09:00:00,47745000.0
2022-03-07 09:00:00,47415000.0
2022-03-08 09:00:00,48213000.0
2022-03-09 09:00:00,51570000.0
2022-03-10 09:00:00,48917000.0
2022-03-11 09:00:00,48315000.0
2022-03-12 09:00:00,48500000.0
2022-03-13 09:00:00,47510000.0
2022-03-14 09:00:00,49171000.0
2022-03-15 09:00:00,48640000.0
2022-03-16 09:00:00,50389000.0
2022-03-17 09:00:00,50069000.0
2022-03-18 09:00:00,50770000.0
2022-03-19 09:00:00,51245000.0
2022-03-20 09:00:00,50462000.0
2022-03-21 09:00:00,50128000.0
2022-03-22 09:00:00,51704000.0
2022-03-23 09:00:00,52138000.0
2022-03-24 09:00:00,52966000.0
2022-03-25 09:00:00,53791000.0
2022-03-26 09:00:00,53902000.0
2022-03-27 09:00:00,55949000.0
2022-03-28 09:00:00,56914000.0
2022-03-29 09:00:00,56985000.0
2022-03-30 09:00:00,56620000.0
2022-03-31 09:00:00,55352000.0
2022-04-01 09:00:00,56369000.0
2022-04-02 09:00:00,56050000.0
2022-04-03 09:00:00,56639000.0
2022-04-04 09:00:00,57055000.0
2022-04-05 09:00:00,56155000.0
2022-04-06 09:00:00,53072000.0
2022-04-07 09:00:00,53814000.0
2022-04-08 09:00:00,52934000.0
2022-04-09 09:00:00,53258000.0
2022-04-10 09:00:00,52819000.0
2022-04-11 09:00:00,50050000.0
2022-04-12 09:00:00,50577000.0
2022-04-13 09:00:00,51700000.0
2022-04-14 09:00:00,50245000.0
2022-04-15 09:00:00,50850000.0
2022-04-16 09:00:00,50567000.0
2022-04-17 09:00:00,49962000.0
2022-04-18 09:00:00,50839000.0
2022-04-19 09:00:00,51458000.0
2022-04-20 09:00:00,51388000.0
2022-04-21 09:00:00,50805000.0
2022-04-22 09:00:00,49937000.0
2022-04-23 09:00:00,49742000.0
2022-04-24 09:00:00,49620000.0
2022-04-25 09:00:00,50614000.0
2022-04-26 09:00:00,48777000.0
2022-04-27 09:00:00,49954000.0
2022-04-28 09:00:00,50580000.0
2022-04-29 09:00:00,49731000.0
2022-04-30 09:00:00,49283000.0
2022-05-01 09:00:00,49383000.0
2022-05-02 09:00:00,49520000.0
2022-05-03 09:00:00,48777000.0
2022-05-04 09:00:00,50616000.0
2022-05-05 09:00:00,47647000.0
2022-05-06 09:00:00,47031000.0
2022-05-07 09:00:00,46507000.0
2022-05-08 09:00:00,44770000.0
2022-05-09 09:00:00,41002000.0
2022-05-10 09:00:00,41046000.0
2022-05-11 09:00:00,40290000.0
2022-05-12 09:00:00,39243000.0
2022-05-13 09:00:00,39270000.0
2022-05-14 09:00:00,39967000.0
2022-05-15 09:00:00,40906000.0
2022-05-16 09:00:00,39256000.0
2022-05-17 09:00:00,39259000.0
2022-05-18 09:00:00,37099000.0
2022-05-19 09:00:00,38780000.0
2022-05-20 09:00:00,37762000.0
2022-05-21 09:00:00,38037000.0
2022-05-22 09:00:00,38933000.0
2022-05-23 09:00:00,37436000.0
2022-05-24 09:00:00,37827000.0
2022-05-25 09:00:00,37935000.0
2022-05-26 09:00:00,37662000.0
2022-05-27 09:00:00,36837000.0
2022-05-28 09:00:00,37034000.0
2022-05-29 09:00:00,37380000.0
2022-05-30 09:00:00,39550000.0
2022-05-31 09:00:00,39923000.0
2022-06-01 09:00:00,37880000.0
2022-06-02 09:00:00,38392000.0
2022-06-03 09:00:00,37851000.0
2022-06-04 09:00:00,37916000.0
2022-06-05 09:00:00,37972000.0
2022-06-06 09:00:00,39532000.0
2022-06-07 09:00:00,39398000.0
2022-06-08 09:00:00,38581000.0
2022-06-09 09:00:00,38256000.0
2022-06-10 09:00:00,37611000.0
2022-06-11 09:00:00,37058000.0
2022-06-12 09:00:00,34718000.0
2022-06-13 09:00:00,29372000.0
2022-06-14 09:00:00,28829000.0
2022-06-15 09:00:00,29253000.0
2022-06-16 09:00:00,26898000.0
2022-06-17 09:00:00,27010000.0
2022-06-18 09:00:00,25093000.0
2022-06-19 09:00:00,26642000.0
2022-06-20 09:00:00,26643000.0
2022-06-21 09:00:00,26967000.0
2022-06-22 09:00:00,26193000.0
2022-06-23 09:00:00,27419000.0
2022-06-24 09:00:00,27597000.0
2022-06-25 09:00:00,27832000.0
2022-06-26 09:00:00,27460000.0
2022-06-27 09:00:00,27039000.0
2022-06-28 09:00:00,26547000.0
2022-06-29 09:00:00,26548000.0
2022-06-30 09:00:00,26003000.0
2022-07-01 09:00:00,25556000.0
2022-07-02 09:00:00,25463000.0
2022-07-03 09:00:00,25422000.0
2022-07-04 09:00:00,26399000.0
2022-07-05 09:00:00,26548000.0
2022-07-06 09:00:00,26954000.0
2022-07-07 09:00:00,28115000.0
2022-07-08 09:00:00,28241000.0
2022-07-09 09:00:00,28200000.0
2022-07-10 09:00:00,27317000.0
2022-07-11 09:00:00,26460000.0
2022-07-12 09:00:00,25723000.0
2022-07-13 09:00:00,26611000.0
2022-07-14 09:00:00,27135000.0
2022-07-15 09:00:00,27518000.0
2022-07-16 09:00:00,27857000.0
2022-07-17 09:00:00,27505000.0
2022-07-18 09:00:00,29322000.0
2022-07-19 09:00:00,30660000.0
2022-07-20 09:00:00,30505000.0
2022-07-21 09:00:00,30415000.0
2022-07-22 09:00:00,30080000.0
2022-07-23 09:00:00,29722000.0
2022-07-24 09:00:00,29818000.0
2022-07-25 09:00:00,28555000.0
2022-07-26 09:00:00,28401000.0
2022-07-27 09:00:00,30202000.0
2022-07-28 09:00:00,31217000.0
2022-07-29 09:00:00,31404000.0
2022-07-30 09:00:00,31281000.0
2022-07-31 09:00:00,30751000.0
2022-08-01 09:00:00,30851000.0
2022-08-02 09:00:00,30754000.0
2022-08-03 09:00:00,30708000.0
2022-08-04 09:00:00,30315000.0
2022-08-05 09:00:00,30767000.0
2022-08-06 09:00:00,30534000.0
2022-08-07 09:00:00,30685000.0
2022-08-08 09:00:00,31459000.0
2022-08-09 09:00:00,30997000.0
2022-08-10 09:00:00,31583000.0
2022-08-11 09:00:00,31770000.0
2022-08-12 09:00:00,32368000.0
2022-08-13 09:00:00,32562000.0
2022-08-14 09:00:00,32544000.0
2022-08-15 09:00:00,32445000.0
2022-08-16 09:00:00,32082000.0
2022-08-17 09:00:00,31547000.0
2022-08-18 09:00:00,31720000.0
2022-08-19 09:00:00,28678000.0
2022-08-20 09:00:00,29340000.0
2022-08-21 09:00:00,29459000.0
2022-08-22 09:00:00,29260000.0
2022-08-23 09:00:00,29307000.0
2022-08-24 09:00:00,29104000.0
2022-08-25 09:00:00,29300000.0
2022-08-26 09:00:00,27969000.0
2022-08-27 09:00:00,27739000.0
2022-08-28 09:00:00,27099000.0
2022-08-29 09:00:00,27792000.0
2022-08-30 09:00:00,27314000.0
2022-08-31 09:00:00,27530000.0
2022-09-01 09:00:00,27636000.0
2022-09-02 09:00:00,27571000.0
2022-09-03 09:00:00,27447000.0
2022-09-04 09:00:00,27528000.0
2022-09-05 09:00:00,27309000.0
2022-09-06 09:00:00,26361000.0
2022-09-07 09:00:00,26810000.0
2022-09-08 09:00:00,26887000.0
2022-09-09 09:00:00,29350000.0
2022-09-10 09:00:00,29727000.0
2022-09-11 09:00:00,30028000.0
2022-09-12 09:00:00,30656000.0
2022-09-13 09:00:00,28371000.0
2022-09-14 09:00:00,28344000.0
2022-09-15 09:00:00,28024000.0
2022-09-16 09:00:00,27915000.0
2022-09-17 09:00:00,28174000.0
2022-09-18 09:00:00,27490000.0
2022-09-19 09:00:00,27566000.0
2022-09-20 09:00:00,26757000.0
2022-09-21 09:00:00,26538000.0
2022-09-22 09:00:00,27572000.0
2022-09-23 09:00:00,27594000.0
2022-09-24 09:00:00,27270000.0
2022-09-25 09:00:00,27051000.0
2022-09-26 09:00:00,27597000.0
2022-09-27 09:00:00,27501000.0
2022-09-28 09:00:00,27952000.0
2022-09-29 09:00:00,28033000.0
2022-09-30 09:00:00,27924000.0
2022-10-01 09:00:00,27868000.0
2022-10-02 09:00:00,27691000.0
2022-10-03 09:00:00,28299000.0
2022-10-04 09:00:00,28980000.0
2022-10-05 09:00:00,28721000.0
2022-10-06 09:00:00,28418000.0
2022-10-07 09:00:00,27805000.0
2022-10-08 09:00:00,27743000.0
2022-10-09 09:00:00,27679000.0
2022-10-10 09:00:00,27401000.0
2022-10-11 09:00:00,27339000.0
2022-10-12 09:00:00,27460000.0
2022-10-13 09:00:00,27810000.0
2022-10-14 09:00:00,27660000.0
2022-10-15 09:00:00,27524000.0
2022-10-16 09:00:00,27655000.0
2022-10-17 09:00:00,27993000.0
2022-10-18 09:00:00,27812000.0
2022-10-19 09:00:00,27657000.0
2022-10-20 09:00:00,27505000.0
2022-10-21 09:00:00,27580000.0
2022-10-22 09:00:00,27620000.0
2022-10-23 09:00:00,27981000.0
2022-10-24 09:00:00,27803000.0
2022-10-25 09:00:00,28494000.0
2022-10-26 09:00:00,29079000.0
2022-10-27 09:00:00,28590000.0
2022-10-28 09:00:00,28958000.0
2022-10-29 09:00:00,29091000.0
2022-10-30 09:00:00,28957000.0
2022-10-31 09:00:00,28778000.0
2022-11-01 09:00:00,28749000.0
2022-11-02 09:00:00,28632000.0
2022-11-03 09:00:00,28693000.0
2022-11-04 09:00:00,29388000.0
2022-11-05 09:00:00,29756000.0
2022-11-06 09:00:00,29473000.0
2022-11-07 09:00:00,28945000.0
2022-11-08 09:00:00,26650000.0
2022-11-09 09:00:00,22919000.0
2022-11-10 09:00:00,24779000.0
2022-11-11 09:00:00,23656000.0
2022-11-12 09:00:00,23380000.0
2022-11-13 09:00:00,22510000.0
2022-11-14 09:00:00,22701000.0
2022-11-15 09:00:00,23003000.0
2022-11-16 09:00:00,22954000.0
2022-11-17 09:00:00,22982000.0
2022-11-18 09:00:00,23061000.0
2022-11-19 09:00:00,23081000.0
2022-11-20 09:00:00,22788000.0
2022-11-21 09:00:00,22220000.0
2022-11-22 09:00:00,22584000.0
2022-11-23 09:00:00,22985000.0
2022-11-24 09:00:00,22738000.0
2022-11-25 09:00:00,22676000.0
2022-11-26 09:00:00,22660000.0
2022-11-27 09:00:00,22646000.0
2022-11-28 09:00:00,22339000.0
2022-11-29 09:00:00,22417000.0
2022-11-30 09:00:00,23192000.0
2022-12-01 09:00:00,23002000.0
2022-12-02 09:00:00,22877000.0
2022-12-03 09:00:00,22830000.0
2022-12-04 09:00:00,22906000.0
2022-12-05 09:00:00,22725000.0
2022-12-06 09:00:00,22821000.0
2022-12-07 09:00:00,22544000.0
2022-12-08 09:00:00,22918000.0
2022-12-09 09:00:00,22849000.0
2022-12-10 09:00:00,22831000.0
2022-12-11 09:00:00,22775000.0
2022-12-12 09:00:00,22824000.0
2022-12-13 09:00:00,23161000.0
2022-12-14 09:00:00,23235000.0
2022-12-15 09:00:00,22942000.0
2022-12-16 09:00:00,22249000.0
2022-12-17 09:00:00,22230000.0
2022-12-18 09:00:00,22210000.0
2022-12-19 09:00:00,21654000.0
2022-12-20 09:00:00,22011000.0
2022-12-21 09:00:00,21943000.0
2022-12-22 09:00:00,21891000.0
2022-12-23 09:00:00,21872000.0
2022-12-24 09:00:00,21951000.0
2022-12-25 09:00:00,21848000.0
2022-12-26 09:00:00,21702000.0
2022-12-27 09:00:00,21321000.0
2022-12-28 09:00:00,21061000.0
2022-12-29 09:00:00,21201000.0
2022-12-30 09:00:00,21070000.0
2022-12-31 09:00:00,21079000.0
2023-01-01 09:00:00,21123000.0
2023-01-02 09:00:00,21215000.0
2023-01-03 09:00:00,21351000.0
2023-01-04 09:00:00,21588000.0
2023-01-05 09:00:00,21575000.0
2023-01-06 09:00:00,21517000.0
2023-01-07 09:00:00,21539000.0
2023-01-08 09:00:00,21704000.0
2023-01-09 09:00:00,21655000.0
2023-01-10 09:00:00,21916000.0
2023-01-11 09:00:00,22485000.0
2023-01-12 09:00:00,23552000.0
2023-01-13 09:00:00,24802000.0
2023-01-14 09:00:00,25881000.0
2023-01-15 09:00:00,25836000.0
2023-01-16 09:00:00,26368000.0
2023-01-17 09:00:00,26255000.0
2023-01-18 09:00:00,25718000.0
2023-01-19 09:00:00,26205000.0
2023-01-20 09:00:00,28026000.0
2023-01-21 09:00:00,28333000.0
2023-01-22 09:00:00,28390000.0
2023-01-23 09:00:00,28609000.0
2023-01-24 09:00:00,28351000.0
2023-01-25 09:00:00,28736000.0
2023-01-26 09:00:00,28930000.0
2023-01-27 09:00:00,28950000.0
2023-01-28 09:00:00,29063000.0
2023-01-29 09:00:00,29670000.0
2023-01-30 09:00:00,28706000.0
2023-01-31 09:00:00,29064000.0
2023-02-01 09:00:00,29620000.0
2023-02-02 09:00:00,29600000.0
2023-02-03 09:00:00,29432000.0
2023-02-04 09:00:00,29420000.0
2023-02-05 09:00:00,28990000.0
2023-02-06 09:00:00,29222000.0
2023-02-07 09:00:00,29452000.0
2023-02-08 09:00:00,29303000.0
2023-02-09 09:00:00,28193000.0
2023-02-10 09:00:00,28120000.0
2023-02-11 09:00:00,28377000.0
2023-02-12 09:00:00,28263000.0
2023-02-13 09:00:00,28309000.0
2023-02-14 09:00:00,28798000.0
2023-02-15 09:00:00,31186000.0
2023-02-16 09:00:00,30451000.0
2023-02-17 09:00:00,31641000.0
2023-02-18 09:00:00,31789000.0
2023-02-19 09:00:00,31435000.0
2023-02-20 09:00:00,31883000.0
2023-02-21 09:00:00,31736000.0
2023-02-22 09:00:00,31619000.0
2023-02-23 09:00:00,31398000.0
2023-02-24 09:00:00,30877000.0
2023-02-25 09:00:00,30959000.0
2023-02-26 09:00:00,31279000.0
2023-02-27 09:00:00,31255000.0
2023-02-28 09:00:00,31024000.0
2023-03-01 09:00:00,31106000.0
2023-03-02 09:00:00,31109000.0
2023-03-03 09:00:00,29709000.0
2023-03-04 09:00:00,29838000.0
2023-03-05 09:00:00,29982000.0
2023-03-06 09:00:00,29769000.0
2023-03-07 09:00:00,29579000.0
2023-03-08 09:00:00,29023000.0
2023-03-09 09:00:00,27604000.0
2023-03-10 09:00:00,27343000.0
2023-03-11 09:00:00,27737000.0
2023-03-12 09:00:00,29199000.0
2023-03-13 09:00:00,31676000.0
2023-03-14 09:00:00,32490000.0
2023-03-15 09:00:00,32511000.0
2023-03-16 09:00:00,33335000.0
2023-03-17 09:00:00,36207000.0
2023-03-18 09:00:00,35767000.0
2023-03-19 09:00:00,37233000.0
2023-03-20 09:00:00,37295000.0
2023-03-21 09:00:00,37221000.0
2023-03-22 09:00:00,36372000.0
2023-03-23 09:00:00,37274000.0
2023-03-24 09:00:00,36749000.0
2023-03-25 09:00:00,36750000.0
2023-03-26 09:00:00,37160000.0
2023-03-27 09:00:00,36110000.0
2023-03-28 09:00:00,36026000.0
2023-03-29 09:00:00,37401000.0
2023-03-30 09:00:00,37157000.0
2023-03-31 09:00:00,37540000.0
2023-04-01 09:00:00,37585000.0
2023-04-02 09:00:00,37301000.0
2023-04-03 09:00:00,36814000.0
2023-04-04 09:00:00,37205000.0
2023-04-05 09:00:00,37139000.0
2023-04-06 09:00:00,37058000.0
2023-04-07 09:00:00,36993000.0
2023-04-08 09:00:00,37080000.0
2023-04-09 09:00:00,37313000.0
2023-04-10 09:00:00,38985000.0
2023-04-11 09:00:00,40004000.0
2023-04-12 09:00:00,39699000.0
2023-04-13 09:00:00,39911000.0
2023-04-14 09:00:00,39804000.0
2023-04-15 09:00:00,39800000.0
2023-04-16 09:00:00,39607000.0
2023-04-17 09:00:00,38700000.0
2023-04-18 09:00:00,39630000.0
2023-04-19 09:00:00,38300000.0
2023-04-20 09:00:00,37672000.0
2023-04-21 09:00:00,36337000.0
2023-04-22 09:00:00,37182000.0
2023-04-23 09:00:00,36802000.0
2023-04-24 09:00:00,36750000.0
2023-04-25 09:00:00,37877000.0
2023-04-26 09:00:00,38017000.0
2023-04-27 09:00:00,39258000.0
2023-04-28 09:00:00,39083000.0
2023-04-29 09:00:00,38965000.0
2023-04-30 09:00:00,39149000.0
2023-05-01 09:00:00,37769000.0
2023-05-02 09:00:00,38405000.0
2023-05-03 09:00:00,38703000.0
2023-05-04 09:00:00,38580000.0
2023-05-05 09:00:00,39053000.0
2023-05-06 09:00:00,38677000.0
2023-05-07 09:00:00,38143000.0
2023-05-08 09:00:00,37255000.0
2023-05-09 09:00:00,37150000.0
2023-05-10 09:00:00,37071000.0
2023-05-11 09:00:00,36411000.0
2023-05-12 09:00:00,36341000.0
2023-05-13 09:00:00,36374000.0
2023-05-14 09:00:00,36415000.0
2023-05-15 09:00:00,36632000.0
2023-05-16 09:00:00,36421000.0
2023-05-17 09:00:00,36700000.0
2023-05-18 09:00:00,36240000.0
2023-05-19 09:00:00,36156000.0
2023-05-20 09:00:00,36385000.0
2023-05-21 09:00:00,36051000.0
2023-05-22 09:00:00,35947000.0
2023-05-23 09:00:00,36381000.0
2023-05-24 09:00:00,35452000.0
2023-05-25 09:00:00,35547000.0
2023-05-26 09:00:00,35771000.0
2023-05-27 09:00:00,35824000.0
2023-05-28 09:00:00,37350000.0
2023-05-29 09:00:00,36992000.0
2023-05-30 09:00:00,36914000.0
2023-05-31 09:00:00,36391000.0
2023-06-01 09:00:00,35823000.0
2023-06-02 09:00:00,36089000.0
2023-06-03 09:00:00,35888000.0
2023-06-04 09:00:00,35865000.0
2023-06-05 09:00:00,34298000.0
2023-06-06 09:00:00,35852000.0
2023-06-07 09:00:00,34952000.0
2023-06-08 09:00:00,34996000.0
2023-06-09 09:00:00,34865000.0
2023-06-10 09:00:00,34372000.0
2023-06-11 09:00:00,34345000.0
2023-06-12 09:00:00,34059000.0
2023-06-13 09:00:00,33913000.0
2023-06-14 09:00:00,33007000.0
2023-06-15 09:00:00,33449000.0
2023-06-16 09:00:00,34501000.0
2023-06-17 09:00:00,34780000.0
2023-06-18 09:00:00,34466000.0
2023-06-19 09:00:00,35092000.0
2023-06-20 09:00:00,36946000.0
2023-06-21 09:00:00,39135000.0
2023-06-22 09:00:00,39125000.0
2023-06-23 09:00:00,40651000.0
2023-06-24 09:00:00,40659000.0
2023-06-25 09:00:00,40352000.0
2023-06-26 09:00:00,40077000.0
2023-06-27 09:00:00,40585000.0
2023-06-28 09:00:00,40020000.0
2023-06-29 09:00:00,40583000.0
2023-06-30 09:00:00,40547000.0
2023-07-01 09:00:00,40691000.0
2023-07-02 09:00:00,40652000.0
2023-07-03 09:00:00,41200000.0
2023-07-04 09:00:00,40610000.0
2023-07-05 09:00:00,40385000.0
2023-07-06 09:00:00,39860000.0
2023-07-07 09:00:00,40240000.0
2023-07-08 09:00:00,40153000.0
2023-07-09 09:00:00,39832000.0
2023-07-10 09:00:00,40050000.0
2023-07-11 09:00:00,40117000.0
2023-07-12 09:00:00,39804000.0
2023-07-13 09:00:00,40112000.0
2023-07-14 09:00:00,39092000.0
2023-07-15 09:00:00,38889000.0
2023-07-16 09:00:00,38933000.0
2023-07-17 09:00:00,38742000.0
2023-07-18 09:00:00,38401000.0
2023-07-19 09:00:00,38323000.0
2023-07-20 09:00:00,38567000.0
2023-07-21 09:00:00,38829000.0
2023-07-22 09:00:00,38776000.0
2023-07-23 09:00:00,38945000.0
2023-07-24 09:00:00,37892000.0
2023-07-25 09:00:00,37910000.0
2023-07-26 09:00:00,37918000.0
2023-07-27 09:00:00,37874000.0
2023-07-28 09:00:00,37932000.0
2023-07-29 09:00:00,37901000.0
2023-07-30 09:00:00,37850000.0
2023-07-31 09:00:00,37929000.0
2023-08-01 09:00:00,38642000.0
2023-08-02 09:00:00,38358000.0
2023-08-03 09:00:00,38436000.0
2023-08-04 09:00:00,38492000.0
2023-08-05 09:00:00,38474000.0
2023-08-06 09:00:00,38605000.0
2023-08-07 09:00:00,38622000.0
2023-08-08 09:00:00,39437000.0
2023-08-09 09:00:00,39209000.0
2023-08-10 09:00:00,39119000.0
2023-08-11 09:00:00,39233000.0
2023-08-12 09:00:00,39283000.0
2023-08-13 09:00:00,39118000.0
2023-08-14 09:00:00,39288000.0
2023-08-15 09:00:00,39404000.0
2023-08-16 09:00:00,39001000.0
2023-08-17 09:00:00,36588000.0
2023-08-18 09:00:00,35890000.0
2023-08-19 09:00:00,36056000.0
2023-08-20 09:00:00,35949000.0
2023-08-21 09:00:00,35769000.0
2023-08-22 09:00:00,35684000.0
2023-08-23 09:00:00,35941000.0
2023-08-24 09:00:00,35635000.0
2023-08-25 09:00:00,35479000.0
2023-08-26 09:00:00,35398000.0
2023-08-27 09:00:00,35402000.0
2023-08-28 09:00:00,35335000.0
2023-08-29 09:00:00,37445000.0
2023-08-30 09:00:00,37109000.0
2023-08-31 09:00:00,35502000.0
2023-09-01 09:00:00,35350000.0
2023-09-02 09:00:00,35204000.0
2023-09-03 09:00:00,35308000.0
2023-09-04 09:00:00,35011000.0
2023-09-05 09:00:00,35056000.0
2023-09-06 09:00:00,35029000.0
2023-09-07 09:00:00,35615000.0
2023-09-08 09:00:00,35295000.0
2023-09-09 09:00:00,35280000.0
2023-09-10 09:00:00,35196000.0
2023-09-11 09:00:00,34327000.0
2023-09-12 09:00:00,35077000.0
2023-09-13 09:00:00,35497000.0
2023-09-14 09:00:00,35889000.0
2023-09-15 09:00:00,35928000.0
2023-09-16 09:00:00,35938000.0
2023-09-17 09:00:00,35758000.0
2023-09-18 09:00:00,36000000.0
2023-09-19 09:00:00,36500000.0
2023-09-20 09:00:00,36501000.0
2023-09-21 09:00:00,36012000.0
2023-09-22 09:00:00,35952000.0
2023-09-23 09:00:00,35960000.0
2023-09-24 09:00:00,35534000.0
2023-09-25 09:00:00,35491000.0
2023-09-26 09:00:00,35566000.0
2023-09-27 09:00:00,35982000.0
2023-09-28 09:00:00,36596000.0
2023-09-29 09:00:00,36444000.0
2023-09-30 09:00:00,36600000.0
2023-10-01 09:00:00,37789000.0
2023-10-02 09:00:00,37424000.0
2023-10-03 09:00:00,37197000.0
2023-10-04 09:00:00,37595000.0
2023-10-05 09:00:00,37258000.0
2023-10-06 09:00:00,37798000.0
2023-10-07 09:00:00,37902000.0
2023-10-08 09:00:00,37929000.0
2023-10-09 09:00:00,37595000.0
2023-10-10 09:00:00,37336000.0
2023-10-11 09:00:00,36671000.0
2023-10-12 09:00:00,36750000.0
2023-10-13 09:00:00,36968000.0
2023-10-14 09:00:00,36790000.0
2023-10-15 09:00:00,37086000.0
2023-10-16 09:00:00,38697000.0
2023-10-17 09:00:00,38652000.0
2023-10-18 09:00:00,38710000.0
2023-10-19 09:00:00,39000000.0
2023-10-20 09:00:00,40250000.0
2023-10-21 09:00:00,40400000.0
2023-10-22 09:00:00,40354000.0
2023-10-23 09:00:00,44179000.0
2023-10-24 09:00:00,45599000.0
2023-10-25 09:00:00,46484000.0
2023-10-26 09:00:00,46141000.0
2023-10-27 09:00:00,45980000.0
2023-10-28 09:00:00,46314000.0
2023-10-29 09:00:00,46825000.0
2023-10-30 09:00:00,46732000.0
2023-10-31 09:00:00,47030000.0
2023-11-01 09:00:00,48079000.0
2023-11-02 09:00:00,47516000.0
2023-11-03 09:00:00,46676000.0
2023-11-04 09:00:00,47050000.0
2023-11-05 09:00:00,47056000.0
2023-11-06 09:00:00,46781000.0
2023-11-07 09:00:00,47301000.0
2023-11-08 09:00:00,47458000.0
2023-11-09 09:00:00,49400000.0
2023-11-10 09:00:00,50030000.0
2023-11-11 09:00:00,49629000.0
2023-11-12 09:00:00,49418000.0
2023-11-13 09:00:00,49154000.0
2023-11-14 09:00:00,47969000.0
2023-11-15 09:00:00,50457000.0
2023-11-16 09:00:00,48868000.0
2023-11-17 09:00:00,49390000.0
2023-11-18 09:00:00,49165000.0
2023-11-19 09:00:00,49800000.0
2023-11-20 09:00:00,50170000.0
2023-11-21 09:00:00,48510000.0
2023-11-22 09:00:00,50042000.0
2023-11-23 09:00:00,49929000.0
2023-11-24 09:00:00,50601000.0
2023-11-25 09:00:00,50533000.0
2023-11-26 09:00:00,50210000.0
2023-11-27 09:00:00,50275000.0
2023-11-28 09:00:00,50576000.0
2023-11-29 09:00:00,50720000.0
2023-11-30 09:00:00,50586000.0
2023-12-01 09:00:00,51709000.0
2023-12-02 09:00:00,52603000.0
2023-12-03 09:00:00,53700000.0
2023-12-04 09:00:00,56920000.0
2023-12-05 09:00:00,60227000.0
2023-12-06 09:00:00,60314000.0
2023-12-07 09:00:00,59250000.0
2023-12-08 09:00:00,60142000.0
2023-12-09 09:00:00,60082000.0
2023-12-10 09:00:00,59835000.0
2023-12-11 09:00:00,56950000.0
2023-12-12 09:00:00,57605000.0
2023-12-13 09:00:00,59056000.0
2023-12-14 09:00:00,58735000.0
2023-12-15 09:00:00,58028000.0
2023-12-16 09:00:00,57935000.0
2023-12-17 09:00:00,56710000.0
2023-12-18 09:00:00,58130000.0
2023-12-19 09:00:00,57845000.0
2023-12-20 09:00:00,59351000.0
2023-12-21 09:00:00,59479000.0
2023-12-22 09:00:00,59532000.0
2023-12-23 09:00:00,59250000.0
2023-12-24 09:00:00,58002000.0
2023-12-25 09:00:00,58042000.0
2023-12-26 09:00:00,57032000.0
2023-12-27 09:00:00,57920000.0
2023-12-28 09:00:00,56907000.0
2023-12-29 09:00:00,56450000.0
2023-12-30 09:00:00,56639000.0
2023-12-31 09:00:00,57047000.0
2024-01-01 09:00:00,58839000.0
2024-01-02 09:00:00,60206000.0
2024-01-03 09:00:00,58581000.0
2024-01-04 09:00:00,59477000.0
2024-01-05 09:00:00,59351000.0
2024-01-06 09:00:00,59329000.0
2024-01-07 09:00:00,59108000.0
2024-01-08 09:00:00,63010000.0
2024-01-09 09:00:00,62014000.0
2024-01-10 09:00:00,63621000.0
2024-01-11 09:00:00,63550000.0
2024-01-12 09:00:00,59435000.0
2024-01-13 09:00:00,58968000.0
2024-01-14 09:00:00,57391000.0
2024-01-15 09:00:00,58354000.0
2024-01-16 09:00:00,59196000.0
2024-01-17 09:00:00,58776000.0
2024-01-18 09:00:00,57284000.0
2024-01-19 09:00:00,57739000.0
2024-01-20 09:00:00,57517000.0
2024-01-21 09:00:00,57387000.0
2024-01-22 09:00:00,54689000.0
2024-01-23 09:00:00,55389000.0
2024-01-24 09:00:00,55200000.0
2024-01-25 09:00:00,55101000.0
2024-01-26 09:00:00,57503000.0
2024-01-27 09:00:00,58086000.0
2024-01-28 09:00:00,57855000.0
2024-01-29 09:00:00,59101000.0
2024-01-30 09:00:00,58965000.0
2024-01-31 09:00:00,58738000.0
2024-02-01 09:00:00,59150000.0
2024-02-02 09:00:00,59299000.0
2024-02-03 09:00:00,59260000.0
2024-02-04 09:00:00,58811000.0
2024-02-05 09:00:00,58882000.0
2024-02-06 09:00:00,59039000.0
2024-02-07 09:00:00,60232000.0
2024-02-08 09:00:00,62011000.0
2024-02-09 09:00:00,63682000.0
2024-02-10 09:00:00,64549000.0
2024-02-11 09:00:00,65230000.0
2024-02-12 09:00:00,67002000.0
2024-02-13 09:00:00,67309000.0
2024-02-14 09:00:00,70199000.0
2024-02-15 09:00:00,71253000.0
2024-02-16 09:00:00,72128000.0
2024-02-17 09:00:00,71530000.0
2024-02-18 09:00:00,71964000.0
2024-02-19 09:00:00,71755000.0
2024-02-20 09:00:00,72191000.0
2024-02-21 09:00:00,72397000.0
2024-02-22 09:00:00,71601000.0
2024-02-23 09:00:00,70805000.0
2024-02-24 09:00:00,71107000.0
2024-02-25 09:00:00,71256000.0
2024-02-26 09:00:00,74742000.0
2024-02-27 09:00:00,78619000.0
2024-02-28 09:00:00,87634000.0
2024-02-29 09:00:00,85910000.0
2024-03-01 09:00:00,87397000.0
2024-03-02 09:00:00,86383000.0
2024-03-03 09:00:00,87982000.0
2024-03-04 09:00:00,95500000.0
2024-03-05 09:00:00,91275000.0
2024-03-06 09:00:00,93325000.0
2024-03-07 09:00:00,94060000.0
2024-03-08 09:00:00,96237000.0
2024-03-09 09:00:00,95946000.0
2024-03-10 09:00:00,97495000.0
2024-03-11 09:00:00,100404000.0
2024-03-12 09:00:00,101200000.0
2024-03-13 09:00:00,104122000.0
2024-03-14 09:00:00,102506000.0
2024-03-15 09:00:00,101000000.0
2024-03-16 09:00:00,96767000.0
2024-03-17 09:00:00,99922000.0
2024-03-18 09:00:00,99040000.0
2024-03-19 09:00:00,92572000.0
2024-03-20 09:00:00,99726000.0
2024-03-21 09:00:00,95552000.0
2024-03-22 09:00:00,93855000.0
2024-03-23 09:00:00,93274000.0
2024-03-24 09:00:00,96624000.0
2024-03-25 09:00:00,99202000.0
2024-03-26 09:00:00,100051000.0
2024-03-27 09:00:00,99890000.0
2024-03-28 09:00:00,100900000.0
2024-03-29 09:00:00,99801000.0
2024-03-30 09:00:00,99985000.0
2024-03-31 09:00:00,100970000.0
2024-04-01 09:00:00,100100000.0
2024-04-02 09:00:00,96053000.0
2024-04-03 09:00:00,96502000.0
2024-04-04 09:00:00,99361000.0
2024-04-05 09:00:00,98394000.0
2024-04-06 09:00:00,99023000.0
2024-04-07 09:00:00,99369000.0
2024-04-08 09:00:00,102101000.0
2024-04-09 09:00:00,99350000.0
2024-04-10 09:00:00,100600000.0
2024-04-11 09:00:00,100541000.0
2024-04-12 09:00:00,99776000.0
2024-04-13 09:00:00,97149000.0
2024-04-14 09:00:00,98905000.0
2024-04-15 09:00:00,96527000.0
2024-04-16 09:00:00,95597000.0
2024-04-17 09:00:00,91419000.0
2024-04-18 09:00:00,93356000.0
2024-04-19 09:00:00,93390000.0
2024-04-20 09:00:00,94805000.0
2024-04-21 09:00:00,94868000.0
2024-04-22 09:00:00,97192000.0
2024-04-23 09:00:00,96045000.0
2024-04-24 09:00:00,93534000.0
2024-04-25 09:00:00,92745000.0
2024-04-26 09:00:00,91951000.0
2024-04-27 09:00:00,91499000.0
2024-04-28 09:00:00,90530000.0
2024-04-29 09:00:00,91400000.0
2024-04-30 09:00:00,87137000.0
2024-05-01 09:00:00,83499000.0
2024-05-02 09:00:00,83078000.0
2024-05-03 09:00:00,89291000.0
2024-05-04 09:00:00,90303000.0
2024-05-05 09:00:00,90061000.0
2024-05-06 09:00:00,88804000.0
2024-05-07 09:00:00,87595000.0
2024-05-08 09:00:00,85872000.0
2024-05-09 09:00:00,88116000.0
2024-05-10 09:00:00,85842000.0
2024-05-11 09:00:00,85791000.0
2024-05-12 09:00:00,86521000.0
2024-05-13 09:00:00,87928000.0
2024-05-14 09:00:00,86500000.0
2024-05-15 09:00:00,92111000.0
2024-05-16 09:00:00,90800000.0
2024-05-17 09:00:00,92646000.0
2024-05-18 09:00:00,93066000.0
2024-05-19 09:00:00,92185000.0
2024-05-20 09:00:00,97260000.0
2024-05-21 09:00:00,96700000.0
2024-05-22 09:00:00,95421000.0
2024-05-23 09:00:00,94900000.0
2024-05-24 09:00:00,95214000.0
2024-05-25 09:00:00,96240000.0
2024-05-26 09:00:00,95610000.0
2024-05-27 09:00:00,96050000.0
2024-05-28 09:00:00,94600000.0
2024-05-29 09:00:00,93910000.0
2024-05-30 09:00:00,94943000.0
2024-05-31 09:00:00,94505000.0
2024-06-01 09:00:00,94720000.0
2024-06-02 09:00:00,95000000.0
2024-06-03 09:00:00,95994000.0
2024-06-04 09:00:00,97500000.0
2024-06-05 09:00:00,98385000.0
2024-06-06 09:00:00,98334000.0
2024-06-07 09:00:00,97919000.0
2024-06-08 09:00:00,98125000.0
2024-06-09 09:00:00,97983000.0
2024-06-10 09:00:00,97276000.0
2024-06-11 09:00:00,95329000.0
2024-06-12 09:00:00,95934000.0
2024-06-13 09:00:00,94614000.0
2024-06-14 09:00:00,93978000.0
2024-06-15 09:00:00,93910000.0
2024-06-16 09:00:00,94219000.0
2024-06-17 09:00:00,93588000.0
2024-06-18 09:00:00,91649000.0
2024-06-19 09:00:00,91555000.0
2024-06-20 09:00:00,91780000.0
2024-06-21 09:00:00,90308000.0
2024-06-22 09:00:00,90874000.0
2024-06-23 09:00:00,89046000.0
2024-06-24 09:00:00,85496000.0
2024-06-25 09:00:00,87450000.0
2024-06-26 09:00:00,86027000.0
2024-06-27 09:00:00,86884000.0
2024-06-28 09:00:00,85158000.0
2024-06-29 09:00:00,85765000.0
2024-06-30 09:00:00,87920000.0
2024-07-01 09:00:00,88253000.0
2024-07-02 09:00:00,87248000.0
2024-07-03 09:00:00,85331000.0
2024-07-04 09:00:00,81680000.0
2024-07-05 09:00:00,81118000.0
2024-07-06 09:00:00,82826000.0
2024-07-07 09:00:00,79397000.0
2024-07-08 09:00:00,80534000.0
2024-07-09 09:00:00,82043000.0
2024-07-10 09:00:00,81896000.0
2024-07-11 09:00:00,81070000.0
2024-07-12 09:00:00,81540000.0
2024-07-13 09:00:00,82901000.0
2024-07-14 09:00:00,85430000.0
2024-07-15 09:00:00,91162000.0
2024-07-16 09:00:00,90807000.0
2024-07-17 09:00:00,89467000.0
2024-07-18 09:00:00,89850000.0
2024-07-19 09:00:00,93004000.0
2024-07-20 09:00:00,94065000.0
2024-07-21 09:00:00,95000000.0
2024-07-22 09:00:00,94357000.0
2024-07-23 09:00:00,92230000.0
2024-07-24 09:00:00,91501000.0
2024-07-25 09:00:00,92465000.0
2024-07-26 09:00:00,94727000.0
2024-07-27 09:00:00,94292000.0
2024-07-28 09:00:00,95363000.0
2024-07-29 09:00:00,93618000.0
2024-07-30 09:00:00,92788000.0
2024-07-31 09:00:00,90345000.0
2024-08-01 09:00:00,91789000.0
2024-08-02 09:00:00,86691000.0
2024-08-03 09:00:00,85957000.0
2024-08-04 09:00:00,81871000.0
2024-08-05 09:00:00,77833000.0
2024-08-06 09:00:00,80224000.0
2024-08-07 09:00:00,78388000.0
2024-08-08 09:00:00,86397000.0
2024-08-09 09:00:00,85518000.0
2024-08-10 09:00:00,85669000.0
2024-08-11 09:00:00,82815000.0
2024-08-12 09:00:00,83221000.0
2024-08-13 09:00:00,84600000.0
2024-08-14 09:00:00,82457000.0
2024-08-15 09:00:00,81004000.0
2024-08-16 09:00:00,82209000.0
2024-08-17 09:00:00,82849000.0
2024-08-18 09:00:00,81500000.0
2024-08-19 09:00:00,81680000.0
2024-08-20 09:00:00,80751000.0
2024-08-21 09:00:00,82900000.0
2024-08-22 09:00:00,82003000.0
2024-08-23 09:00:00,85600000.0
2024-08-24 09:00:00,85767000.0
2024-08-25 09:00:00,86254000.0
2024-08-26 09:00:00,84408000.0
2024-08-27 09:00:00,80950000.0
2024-08-28 09:00:00,80569000.0
2024-08-29 09:00:00,80790000.0
2024-08-30 09:00:00,80439000.0
2024-08-31 09:00:00,80262000.0
2024-09-01 09:00:00,78301000.0
2024-09-02 09:00:00,80205000.0
2024-09-03 09:00:00,78272000.0
2024-09-04 09:00:00,78739000.0
2024-09-05 09:00:00,76330000.0
2024-09-06 09:00:00,73644000.0
2024-09-07 09:00:00,73640000.0
2024-09-08 09:00:00,74437000.0
2024-09-09 09:00:00,77275000.0
2024-09-10 09:00:00,78089000.0
2024-09-11 09:00:00,77301000.0
2024-09-12 09:00:00,78269000.0
2024-09-13 09:00:00,80930000.0
2024-09-14 09:00:00,80524000.0
2024-09-15 09:00:00,79690000.0
2024-09-16 09:00:00,78469000.0
2024-09-17 09:00:00,81116000.0
2024-09-18 09:00:00,82604000.0
2024-09-19 09:00:00,83892000.0
2024-09-20 09:00:00,84385000.0
2024-09-21 09:00:00,84425000.0
2024-09-22 09:00:00,84829000.0
2024-09-23 09:00:00,84631000.0
2024-09-24 09:00:00,85248000.0
2024-09-25 09:00:00,84362000.0
2024-09-26 09:00:00,86000000.0
2024-09-27 09:00:00,86958000.0
2024-09-28 09:00:00,86732000.0
2024-09-29 09:00:00,85958000.0
2024-09-30 09:00:00,83730000.0
2024-10-01 09:00:00,81500000.0
2024-10-02 09:00:00,81707000.0
2024-10-03 09:00:00,82424000.0
2024-10-04 09:00:00,83805000.0
2024-10-05 09:00:00,83956000.0
2024-10-06 09:00:00,84533000.0
2024-10-07 09:00:00,83942000.0
2024-10-08 09:00:00,84139000.0
2024-10-09 09:00:00,82385000.0
2024-10-10 09:00:00,82131000.0
2024-10-11 09:00:00,84451000.0
2024-10-12 09:00:00,84956000.0
2024-10-13 09:00:00,84806000.0
2024-10-14 09:00:00,88640000.0
2024-10-15 09:00:00,90600000.0
2024-10-16 09:00:00,91610000.0
2024-10-17 09:00:00,91725000.0
2024-10-18 09:00:00,93330000.0
2024-10-19 09:00:00,93322000.0
2024-10-20 09:00:00,93901000.0
2024-10-21 09:00:00,92161000.0
2024-10-22 09:00:00,92877000.0
2024-10-23 09:00:00,92375000.0
2024-10-24 09:00:00,94077000.0
2024-10-25 09:00:00,93762000.0
2024-10-26 09:00:00,93993000.0
2024-10-27 09:00:00,94819000.0
2024-10-28 09:00:00,97401000.0
2024-10-29 09:00:00,101305000.0
2024-10-30 09:00:00,100571000.0
2024-10-31 09:00:00,98112000.0
2024-11-01 09:00:00,97285000.0
2024-11-02 09:00:00,97205000.0
2024-11-03 09:00:00,95883000.0
2024-11-04 09:00:00,94289000.0
2024-11-05 09:00:00,96170000.0
2024-11-06 09:00:00,104085000.0
2024-11-07 09:00:00,104115000.0
2024-11-08 09:00:00,106843000.0
2024-11-09 09:00:00,106294000.0
2024-11-10 09:00:00,111440000.0
2024-11-11 09:00:00,124503000.0
2024-11-12 09:00:00,124967000.0
2024-11-13 09:00:00,128111000.0
2024-11-14 09:00:00,123572000.0
2024-11-15 09:00:00,128236000.0
2024-11-16 09:00:00,127071000.0
2024-11-17 09:00:00,126472000.0
2024-11-18 09:00:00,127142000.0
2024-11-19 09:00:00,129720000.0
2024-11-20 09:00:00,133180000.0
2024-11-21 09:00:00,137050000.0
2024-11-22 09:00:00,136879000.0
2024-11-23 09:00:00,136000000.0
2024-11-24 09:00:00,136096000.0
2024-11-25 09:00:00,129791000.0
2024-11-26 09:00:00,128783000.0
2024-11-27 09:00:00,132999000.0
2024-11-28 09:00:00,133138000.0
2024-11-29 09:00:00,134542000.0
2024-11-30 09:00:00,133701000.0
2024-12-01 09:00:00,133802000.0
2024-12-02 09:00:00,133535000.0
2024-12-03 09:00:00,133700000.0
2024-12-04 09:00:00,138760000.0
2024-12-05 09:00:00,137501000.0
2024-12-06 09:00:00,139340000.0
2024-12-07 09:00:00,138960000.0
2024-12-08 09:00:00,141005000.0
2024-12-09 09:00:00,138864000.0
2024-12-10 09:00:00,138205000.0
2024-12-11 09:00:00,143111000.0
2024-12-12 09:00:00,142757000.0
2024-12-13 09:00:00,144402000.0
2024-12-14 09:00:00,145927000.0
2024-12-15 09:00:00,149243000.0
2024-12-16 09:00:00,153403000.0
2024-12-17 09:00:00,155223000.0
2024-12-18 09:00:00,147754000.0
2024-12-19 09:00:00,147474000.0
2024-12-20 09:00:00,148138000.0
2024-12-21 09:00:00,147830000.0
2024-12-22 09:00:00,144800000.0
2024-12-23 09:00:00,142901000.0
2024-12-24 09:00:00,146831000.0
2024-12-25 09:00:00,148081000.0
2024-12-26 09:00:00,144076000.0
2024-12-27 09:00:00,142111000.0
2024-12-28 09:00:00,142302000.0
2024-12-29 09:00:00,139735000.0
2024-12-30 09:00:00,137892000.0
2024-12-31 09:00:00,139257000.0
2025-01-01 09:00:00,141320000.0
2025-01-02 09:00:00,143848000.0
2025-01-03 09:00:00,144655000.0
2025-01-04 09:00:00,144745000.0
2025-01-05 09:00:00,144700000.0
2025-01-06 09:00:00,150264000.0
2025-01-07 09:00:00,144789000.0
2025-01-08 09:00:00,142368000.0
2025-01-09 09:00:00,139740000.0
2025-01-10 09:00:00,142457000.0
2025-01-11 09:00:00,141771000.0
2025-01-12 09:00:00,142086000.0
2025-01-13 09:00:00,142108000.0
2025-01-14 09:00:00,143501000.0
2025-01-15 09:00:00,147309000.0
2025-01-16 09:00:00,146670000.0
2025-01-17 09:00:00,152345000.0
2025-01-18 09:00:00,155801000.0
2025-01-19 09:00:00,154000000.0
2025-01-20 09:00:00,153225000.0
2025-01-21 09:00:00,157571000.0
2025-01-22 09:00:00,154999000.0
2025-01-23 09:00:00,155112000.0
2025-01-24 09:00:00,157146000.0
2025-01-25 09:00:00,157200000.0
2025-01-26 09:00:00,156100000.0
2025-01-27 09:00:00,154919000.0
2025-01-28 09:00:00,155919000.0
2025-01-29 09:00:00,158859000.0
2025-01-30 09:00:00,158139000.0
2025-01-31 09:00:00,156580000.0
2025-02-01 09:00:00,157330000.0
2025-02-02 09:00:00,154000000.0
2025-02-03 09:00:00,158217000.0
2025-02-04 09:00:00,154122000.0
2025-02-05 09:00:00,151450000.0
2025-02-06 09:00:00,151356000.0
2025-02-07 09:00:00,149601000.0
2025-02-08 09:00:00,148803000.0
2025-02-09 09:00:00,147579000.0
2025-02-10 09:00:00,147724000.0
2025-02-11 09:00:00,146020000.0
2025-02-12 09:00:00,147846000.0
2025-02-13 09:00:00,145877000.0
2025-02-14 09:00:00,146551000.0
2025-02-15 09:00:00,147501000.0
2025-02-16 09:00:00,145625000.0
2025-02-17 09:00:00,144390000.0
2025-02-18 09:00:00,143728000.0
2025-02-19 09:00:00,144312000.0
2025-02-20 09:00:00,145719000.0
2025-02-21 09:00:00,142859000.0
2025-02-22 09:00:00,142300000.0
2025-02-23 09:00:00,141364000.0
2025-02-24 09:00:00,132135000.0
2025-02-25 09:00:00,129715000.0
2025-02-26 09:00:00,122784000.0
2025-02-27 09:00:00,124331000.0
2025-02-28 09:00:00,124499000.0
2025-03-01 09:00:00,128320000.0
2025-03-02 09:00:00,142500000.0
2025-03-03 09:00:00,130094000.0
2025-03-04 09:00:00,130430000.0
2025-03-05 09:00:00,134990000.0
2025-03-06 09:00:00,133870000.0
2025-03-07 09:00:00,129522000.0
2025-03-08 09:00:00,128531000.0
2025-03-09 09:00:00,121111000.0
2025-03-10 09:00:00,117477000.0
2025-03-11 09:00:00,123232000.0
2025-03-12 09:00:00,123871000.0
2025-03-13 09:00:00,120216000.0
2025-03-14 09:00:00,123878000.0
2025-03-15 09:00:00,124000000.0
2025-03-16 09:00:00,121749000.0
2025-03-17 09:00:00,122801000.0
2025-03-18 09:00:00,121272000.0
2025-03-19 09:00:00,127194000.0
2025-03-20 09:00:00,124297000.0
2025-03-21 09:00:00,124500000.0
2025-03-22 09:00:00,124150000.0
2025-03-23 09:00:00,126937000.0
2025-03-24 09:00:00,128890000.0
2025-03-25 09:00:00,128823000.0
2025-03-26 09:00:00,128556000.0
2025-03-27 09:00:00,128701000.0
2025-03-28 09:00:00,125800000.0
2025-03-29 09:00:00,123378000.0
2025-03-30 09:00:00,123046000.0
2025-03-31 09:00:00,123209000.0
2025-04-01 09:00:00,126632000.0
2025-04-02 09:00:00,122798000.0
2025-04-03 09:00:00,123244000.0
2025-04-04 09:00:00,123409000.0
2025-04-05 09:00:00,123300000.0
2025-04-06 09:00:00,117517000.0
2025-04-07 09:00:00,118061000.0
2025-04-08 09:00:00,114489000.0
2025-04-09 09:00:00,121339000.0
2025-04-10 09:00:00,117936000.0
2025-04-11 09:00:00,121450000.0
2025-04-12 09:00:00,123551000.0
2025-04-13 09:00:00,121577000.0
2025-04-14 09:00:00,122694000.0
2025-04-15 09:00:00,122158000.0
2025-04-16 09:00:00,121850000.0
2025-04-17 09:00:00,122700000.0
2025-04-18 09:00:00,122288000.0
2025-04-19 09:00:00,122720000.0
2025-04-20 09:00:00,122746000.0
2025-04-21 09:00:00,126237000.0
2025-04-22 09:00:00,133855000.0
2025-04-23 09:00:00,134373000.0
2025-04-24 09:00:00,134650000.0
2025-04-25 09:00:00,136416000.0
2025-04-26 09:00:00,136499000.0
2025-04-27 09:00:00,135150000.0
2025-04-28 09:00:00,136816000.0
2025-04-29 09:00:00,136310000.0
2025-04-30 09:00:00,136050000.0
2025-05-01 09:00:00,139145000.0
2025-05-02 09:00:00,138636000.0
2025-05-03 09:00:00,137560000.0
2025-05-04 09:00:00,135652000.0
2025-05-05 09:00:00,134890000.0
2025-05-06 09:00:00,137400000.0
2025-05-07 09:00:00,137660000.0
2025-05-08 09:00:00,144780000.0
2025-05-09 09:00:00,143720000.0
2025-05-10 09:00:00,144964000.0
2025-05-11 09:00:00,145510000.0
2025-05-12 09:00:00,144875000.0
2025-05-13 09:00:00,145880000.0
2025-05-14 09:00:00,145718000.0
2025-05-15 09:00:00,146026000.0
2025-05-16 09:00:00,146465000.0
2025-05-17 09:00:00,146555000.0
2025-05-18 09:00:00,150458000.0
2025-05-19 09:00:00,148699000.0
2025-05-20 09:00:00,150424000.0
2025-05-21 09:00:00,152356000.0
2025-05-22 09:00:00,154861000.0
2025-05-23 09:00:00,149878000.0
2025-05-24 09:00:00,150660000.0
2025-05-25 09:00:00,152133000.0
2025-05-26 09:00:00,152195000.0
2025-05-27 09:00:00,151323000.0
2025-05-28 09:00:00,150280000.0
2025-05-29 09:00:00,147370000.0
2025-05-30 09:00:00,147044000.0
2025-05-31 09:00:00,147932000.0
2025-06-01 09:00:00,149100000.0
2025-06-02 09:00:00,148074000.0
2025-06-03 09:00:00,147322000.0
2025-06-04 09:00:00,145210000.0
2025-06-05 09:00:00,141588000.0
2025-06-06 09:00:00,145196000.0
2025-06-07 09:00:00,146514000.0
2025-06-08 09:00:00,145799000.0
2025-06-09 09:00:00,150330000.0
2025-06-10 09:00:00,150604000.0
2025-06-11 09:00:00,149702000.0
2025-06-12 09:00:00,145801000.0
2025-06-13 09:00:00,147266000.0
2025-06-14 09:00:00,146401000.0
2025-06-15 09:00:00,145997000.0
2025-06-16 09:00:00,146673000.0
2025-06-17 09:00:00,145456000.0
2025-06-18 09:00:00,145380000.0
2025-06-19 09:00:00,144978000.0
2025-06-20 09:00:00,143956000.0
2025-06-21 09:00:00,142782000.0
2025-06-22 09:00:00,140908000.0
2025-06-23 09:00:00,146182000.0
2025-06-24 09:00:00,145625000.0
2025-06-25 09:00:00,147365000.0
2025-06-26 09:00:00,146852000.0
2025-06-27 09:00:00,147058000.0
2025-06-28 09:00:00,147174000.0
2025-06-29 09:00:00,147996000.0
2025-06-30 09:00:00,145759000.0
2025-07-01 09:00:00,145019000.0
2025-07-02 09:00:00,147372000.0
2025-07-03 09:00:00,148737000.0
2025-07-04 09:00:00,147797000.0
2025-07-05 09:00:00,148197000.0
2025-07-06 09:00:00,148500000.0
2025-07-07 09:00:00,148100000.0
2025-07-08 09:00:00,148302000.0
2025-07-09 09:00:00,150701000.0
2025-07-10 09:00:00,156519000.0
2025-07-11 09:00:00,158187000.0
2025-07-12 09:00:00,159681000.0
2025-07-13 09:00:00,161740000.0
2025-07-14 09:00:00,163923000.0
2025-07-15 09:00:00,160811000.0
2025-07-16 09:00:00,161250000.0
2025-07-17 09:00:00,162232000.0
2025-07-18 09:00:00,161100000.0
2025-07-19 09:00:00,161428000.0
2025-07-20 09:00:00,160072000.0
2025-07-21 09:00:00,160096000.0
2025-07-22 09:00:00,162321000.0
2025-07-23 09:00:00,161990000.0
2025-07-24 09:00:00,160928000.0
2025-07-25 09:00:00,160217000.0
2025-07-26 09:00:00,160900000.0
2025-07-27 09:00:00,162717000.0
2025-07-28 09:00:00,162483000.0
2025-07-29 09:00:00,163158000.0
2025-07-30 09:00:00,163118000.0
2025-07-31 09:00:00,161398000.0
2025-08-01 09:00:00,158102000.0
2025-08-02 09:00:00,157376000.0
2025-08-03 09:00:00,160227000.0
2025-08-04 09:00:00,160332000.0
2025-08-05 09:00:00,159999000.0
2025-08-06 09:00:00,160000000.0
2025-08-07 09:00:00,161853000.0
2025-08-08 09:00:00,160099000.0
2025-08-09 09:00:00,160180000.0
2025-08-10 09:00:00,163859000.0
2025-08-11 09:00:00,164210000.0
2025-08-12 09:00:00,164298000.0
2025-08-13 09:00:00,168051000.0
2025-08-14 09:00:00,164723000.0
2025-08-15 09:00:00,164122000.0
2025-08-16 09:00:00,163058000.0
2025-08-17 09:00:00,163111000.0
2025-08-18 09:00:00,161513000.0
2025-08-19 09:00:00,157172000.0
2025-08-20 09:00:00,159149000.0
2025-08-21 09:00:00,157737000.0
2025-08-22 09:00:00,161176000.0
2025-08-23 09:00:00,159705000.0
2025-08-24 09:00:00,157603000.0
2025-08-25 09:00:00,155887000.0
2025-08-26 09:00:00,156661000.0
2025-08-27 09:00:00,155534000.0
2025-08-28 09:00:00,156737000.0
2025-08-29 09:00:00,152262000.0
2025-08-30 09:00:00,151734000.0
2025-08-31 09:00:00,150700000.0
2025-09-01 09:00:00,152419000.0
2025-09-02 09:00:00,154850000.0
2025-09-03 09:00:00,154890000.0
2025-09-04 09:00:00,155410000.0
2025-09-05 09:00:00,154930000.0
2025-09-06 09:00:00,154325000.0
2025-09-07 09:00:00,155001000.0
2025-09-08 09:00:00,156048000.0
2025-09-09 09:00:00,155450000.0
2025-09-10 09:00:00,158561000.0
2025-09-11 09:00:00,160375000.0
2025-09-12 09:00:00,161101000.0
2025-09-13 09:00:00,160536000.0
2025-09-14 09:00:00,160338000.0
2025-09-15 09:00:00,160705000.0
2025-09-16 09:00:00,162167000.0
2025-09-17 09:00:00,161468000.0
2025-09-18 09:00:00,162478000.0
2025-09-19 09:00:00,162138000.0
2025-09-20 09:00:00,162236000.0
2025-09-21 09:00:00,161412000.0
2025-09-22 09:00:00,160730000.0
2025-09-23 09:00:00,159679000.0
2025-09-24 09:00:00,160700000.0
2025-09-25 09:00:00,158200000.0
2025-09-26 09:00:00,158128000.0
2025-09-27 09:00:00,157895000.0
2025-09-28 09:00:00,160579000.0
2025-09-29 09:00:00,162976000.0
2025-09-30 09:00:00,162828000.0
2025-10-01 09:00:00,168424000.0
2025-10-02 09:00:00,170704000.0
2025-10-03 09:00:00,173460000.0
2025-10-04 09:00:00,174964000.0
2025-10-05 09:00:00,177024000.0
2025-10-06 09:00:00,177536000.0
2025-10-07 09:00:00,175460000.0
2025-10-08 09:00:00,178011000.0
2025-10-09 09:00:00,177616000.0
2025-10-10 09:00:00,172257000.0
2025-10-11 09:00:00,170390000.0
2025-10-12 09:00:00,173833000.0
2025-10-13 09:00:00,171680000.0
2025-10-14 09:00:00,170070000.0
2025-10-15 09:00:00,168539000.0
2025-10-16 09:00:00,165290000.0
2025-10-17 09:00:00,163639000.0
2025-10-18 09:00:00,163631000.0
2025-10-19 09:00:00,164806000.0
2025-10-20 09:00:00,165911000.0
2025-10-21 09:00:00,163400000.0
2025-10-22 09:00:00,163153000.0
2025-10-23 09:00:00,165546000.0
2025-10-24 09:00:00,165703000.0
2025-10-25 09:00:00,166300000.0
