Date,BTC_vs_NVT_Ratio,BTC_vs_Puell_Multiple
2021-04-04,-0.07189281527219385,-0.13189774043990526
2021-04-05,-0.0706294056360019,-0.17202214886503223
2021-04-06,-0.06373028254439131,-0.15914898210930245
2021-04-07,-0.06475573121818888,-0.1541907311682069
2021-04-08,-0.0369853059577945,-0.17495574430662628
2021-04-09,0.039528285324441886,-0.057811030322930175
2021-04-10,0.04732629258950605,-0.05364928476672296
2021-04-11,0.054627702342109556,-0.12009250699702316
2021-04-12,0.02756351464749192,-0.04020004888871935
2021-04-13,0.0015431570951427518,-0.043257942879308044
2021-04-14,0.000750675647842163,-0.07698338545921381
2021-04-15,-0.008123244600042085,-0.03927486535334827
2021-04-16,-0.07763634930742673,-0.09365154373033363
2021-04-17,-0.09062581400123372,-0.07355253122061461
2021-04-18,0.02956365503976291,-0.003068400794180308
2021-04-19,0.020543407585369062,-0.026097669936821416
2021-04-20,0.02850291955786954,0.12707742651425222
2021-04-21,-0.0016137707542225183,0.1340980962670234
2021-04-22,-0.0003471909184027584,0.18800849301322933
2021-04-23,-0.0039648002129690505,0.10822856902612325
2021-04-24,-0.013094724944945691,-0.03485107714166531
2021-04-25,-0.011727506359372898,-0.015025198517798436
2021-04-26,-0.004335229247523054,-0.07762392772167404
2021-04-27,-0.0074538959251479586,-0.11680596186120164
2021-04-28,-0.011250818023064501,-0.1472850024283291
2021-04-29,0.002500052022278191,-0.22307358174552666
2021-04-30,0.01855794556781449,-0.06671723922477314
2021-05-01,0.011333710669014648,-0.12473278644540141
2021-05-02,0.0007764653456616866,-0.07891231360781771
2021-05-03,0.01115398069541183,-0.16258365726618454
2021-05-04,0.016995208293723266,-0.19182145683838073
2021-05-05,0.0026889099925024567,-0.20295130053139776
2021-05-06,-0.00884564582124685,-0.16058469808722853
2021-05-07,-0.004378253141265357,-0.149309909137469
2021-05-08,0.006830806689059272,-0.0792021720050676
2021-05-09,0.009223226375223277,-0.05624935896562235
2021-05-10,0.01573578023221857,-0.014174764190685595
2021-05-11,0.013584453532569415,-0.027899920626549297
2021-05-12,-0.014186163601661922,0.08527692251669519
2021-05-13,-0.019880701387088102,0.04839428634117693
2021-05-14,-0.002586584048258327,-0.04804238270241893
2021-05-15,-0.016354708288857107,-0.036821113188224334
2021-05-16,-0.013634117913725706,0.02992228253425201
2021-05-17,0.006120801189347624,-0.005174680453774776
2021-05-18,0.002460213091334235,0.015553397696812955
2021-05-19,0.03328159792730237,0.007948869139792926
2021-05-20,0.04865857264560002,0.010053358248353161
2021-05-21,0.016673436161920185,-0.09923322336760174
2021-05-22,0.01839728160011812,-0.09914480015445681
2021-05-23,0.004503921544997876,-0.18960870835965882
2021-05-24,-0.043254103388589885,-0.2325877983333687
2021-05-25,-0.039724394504701235,-0.1392168801992715
2021-05-26,-0.03518889456418449,-0.12209800842321503
2021-05-27,-0.04030988013574168,-0.13816813699418137
2021-05-28,-0.01558851644841501,-0.09924286658622719
2021-05-29,-0.01156183414502202,-0.0685603359952995
2021-05-30,-0.011774752529089936,-0.06195732512525769
2021-05-31,-0.03353464913776411,-0.046152379747665735
2021-06-01,-0.03376296013653821,-0.035503000173448304
2021-06-02,-0.030039559632983256,-0.09375604998223848
2021-06-03,-0.043219826185822346,-0.04746563523232215
2021-06-04,-0.05257598713352737,-0.04503234187147732
2021-06-05,-0.0647298204334356,-0.08219665631937759
2021-06-06,-0.06637574636220914,-0.1720373703108719
2021-06-07,-0.047109744128658836,-0.10939538804151454
2021-06-08,-0.04618325244464151,-0.1182391664259663
2021-06-09,-0.041060326844142514,-0.045080944614768144
2021-06-10,-0.04743312655035313,-0.02909256591067305
2021-06-11,-0.03904942799831701,-0.03207404061231394
2021-06-12,-0.024930882856152203,0.11292512350262324
2021-06-13,0.007122578913636982,0.1441251585553885
2021-06-14,-0.0050306482404848364,0.19003334184430506
2021-06-15,0.04203647799971906,0.1706709061763491
2021-06-16,0.04938338564952967,0.166161619834451
2021-06-17,-0.037870764347607395,0.033782011341120556
2021-06-18,-0.04359029473675607,0.01909933421714246
2021-06-19,-0.02580834132677585,0.05834865034851015
2021-06-20,0.008649262905156357,-0.018805784572621838
2021-06-21,0.03222014041630155,-0.10971338632497192
2021-06-22,0.024771317334096758,-0.13971928623784696
2021-06-23,0.0004950465938885387,-0.18954310101532784
2021-06-24,0.01847067142587897,-0.2530462822177508
2021-06-25,-0.0029620244848019258,-0.1087394059644907
2021-06-26,0.02364590467848903,-0.07898416793539006
2021-06-27,0.08682168775023213,-0.07248585821393262
2021-06-28,0.0846083419226463,-0.12002431699115175
2021-06-29,0.1324493484216534,0.025463529843724318
2021-06-30,0.13384029435552702,0.03797619710225014
2021-07-01,0.14751615187181458,0.009398328799653244
2021-07-02,0.1642535597563195,0.04258916702597001
2021-07-03,0.14112483373866364,-0.06688086620208414
2021-07-04,0.17577621072638783,0.07541129924238524
2021-07-05,0.19173058770774723,0.058063503968201015
2021-07-06,0.18678336939336915,0.11222471136175301
2021-07-07,0.17921994470021688,0.18656106193260524
2021-07-08,0.1843238631281925,0.20441634847018905
2021-07-09,0.16424445300118098,0.17835941031344207
2021-07-10,0.1607886325013429,0.2461043260094085
2021-07-11,0.16755434898080704,0.1410642718714911
2021-07-12,0.1811270989404381,0.18457257396351623
2021-07-13,0.18450046948896234,0.22731774126943696
2021-07-14,0.20835599266092508,0.15673878206448705
2021-07-15,0.20517370953386982,0.1688174891404456
2021-07-16,0.18531320649401103,0.08223864937886104
2021-07-17,0.18728106675986442,0.0776071556229861
2021-07-18,0.15811379431518066,-0.06459162426760907
2021-07-19,0.18132427554799846,0.09623162929485543
2021-07-20,0.18694357160570252,-0.03253919034093648
2021-07-21,0.15045307998084548,0.006258977157952285
2021-07-22,0.16679467430629483,-0.10915964454151748
2021-07-23,0.23221872561690918,0.041325750094509506
2021-07-24,0.24114538513758493,0.0465192109188441
2021-07-25,0.24909696602579331,0.10674568564526414
2021-07-26,0.18122217199703317,0.1068698325471464
2021-07-27,0.19337660119409447,0.00803511624825505
2021-07-28,0.19901231449520604,-0.05595125640223497
2021-07-29,0.19966072140784477,-0.010640460893558688
2021-07-30,0.22109260612414805,0.1780117867765735
2021-11-29,0.014813622271916717,-inf
2021-11-30,-0.019567986248335528,-inf
2021-12-01,-0.01792111934152792,-inf
2021-12-02,-0.01801375942374756,-inf
2021-12-03,-0.02191165324357473,-inf
2021-12-05,-0.08679308885197352,-inf
2021-12-06,-0.11794353114416903,-inf
2021-12-07,-0.1231016997071984,-inf
2021-12-09,-0.1152036751507486,-inf
2021-12-11,-0.04042646455656048,-inf
2021-12-12,-0.032685037593265576,inf
2021-12-14,0.03502067381155714,inf
2021-12-15,0.025624154053938194,-inf
2021-12-16,-0.00019855106737159874,inf
2021-12-23,-0.02027753844338568,-inf
2021-12-25,0.01150762469580282,-inf
2021-12-26,0.012653299723964387,-inf
2021-12-29,0.04693143700395184,-inf
2022-01-01,0.12485247871827876,-inf
2022-01-03,0.1348448511113267,-inf
2022-01-05,0.131643160979758,-inf
2022-01-07,0.20440794970961088,-inf
2022-01-11,0.21440408082068688,-inf
2022-01-15,0.1889947348416263,inf
2022-01-16,0.1911923511392264,-inf
2022-01-19,0.18376754874071488,inf
2022-01-20,0.1906879519956047,inf
2022-01-21,0.15500664317452553,-inf
2022-01-23,0.17022739090494807,-inf
2022-01-26,0.12602557522301497,-inf
2022-02-01,0.13326489439450073,-inf
2022-02-03,0.18606341413344726,-0.048959544982641184
2022-02-04,0.21348103376060398,-0.12503890449901586
2022-02-05,0.21296599519835516,-0.12551013797229782
2022-02-06,0.2341566661305305,-0.06949302958386665
2022-02-07,0.19858311891647606,-0.07156223656982506
2022-02-08,0.1973719894908234,-0.06864509479504047
2022-02-09,0.17114524942298115,-0.07223935812471208
2022-02-10,0.16731609328213343,-0.07478547098011613
2022-02-11,0.11821891541447725,-0.07278669289335293
2022-02-12,0.11676336915222842,-0.07327493518571758
2022-02-13,0.13094228608194652,-0.07668956134713514
2022-02-14,0.1311425068766758,-0.0761145083716634
2022-02-15,0.09908525836118448,-0.056136320209257316
2022-02-16,0.0903668278830316,-0.05530315966731373
2022-02-17,0.07787534880650035,-0.05137743088528043
2022-02-18,0.0875872779960261,-0.04943250762619833
2022-02-19,0.11735226264903426,-0.051269493718643
2022-02-20,0.11108917489592082,-0.04871669911929115
2022-02-21,0.12743704462659536,-0.0464642681535191
2022-02-22,0.10113086107047951,-0.032669558839153526
2022-02-23,0.10586747924379354,-0.03272889223857825
2022-02-24,0.10124457514445583,-0.03831906170976852
2022-02-25,0.10096163277832487,-0.0342605072963863
2022-02-26,0.08666063532216475,-0.032486361060679946
2022-02-27,0.07573770296465594,-0.03166151560910431
2022-02-28,-0.03809510492144727,-0.003994196087759612
2022-03-01,-0.049203157918386496,0.0035967008217692004
2022-03-02,-0.12232404936680136,0.0033852051538337284
2022-03-03,-0.13477135081142858,0.0008689341180979248
2022-03-04,-0.14211212428013012,0.009231654892083165
2022-03-05,-0.1430465908973966,0.00811178143338897
2022-03-06,-0.15475595847002044,0.008812525514607678
2022-03-07,-0.14393175502168173,0.008131063079262613
2022-03-08,-0.15134249835706726,0.010462064109721742
2022-03-09,-0.16441090958141708,0.01258305854524281
2022-03-10,-0.18623002647230041,0.010216718529410881
2022-03-11,-0.19174811889009427,0.010918195920000193
2022-03-12,-0.1848856147778511,0.011033430400494822
2022-03-13,-0.19177120885075805,0.009743395909836791
2022-03-14,-0.2204950428020994,0.011013930671314133
2022-03-15,-0.2224843855179402,0.011129249848734151
2022-03-16,-0.23098187491105837,0.025416810258119704
2022-03-17,-0.23198780762363283,0.025241239711925545
2022-03-18,-0.24338219290479957,0.0231284690225222
2022-03-19,-0.23940489251621666,0.024898649126731426
2022-03-20,-0.2523442419005869,0.02535439399081099
2022-03-21,-0.247739786433493,0.026547522664180277
2022-03-22,-0.2739014358961788,0.03330693105537992
2022-03-23,-0.2747918218795518,0.03478572934226356
2022-03-24,-0.29085685175270887,0.035127444553651785
2022-03-25,-0.29447837755227846,0.03682849292329533
2022-03-26,-0.2769561996160754,0.03674564812135631
2022-03-27,-0.25775304223806184,0.015132965714559868
2022-03-28,-0.25180227641666053,0.016298566957525653
2022-03-29,-0.24655755636406948,0.015790079212647808
2022-03-30,-0.25754082304880505,0.01720113732937456
2022-03-31,-0.24444612687533757,0.01533273442514624
2022-04-01,-0.23982333754872684,0.015242397754604418
2022-04-02,-0.24120545868923346,0.015020864132006947
2022-04-03,-0.23552259952274146,0.017656967865284572
2022-04-04,-0.23089664579785857,0.04553033905769403
2022-04-05,-0.2651234824897425,0.21071412049350063
2022-04-06,-0.2539222302792038,0.20949293709240005
2022-04-07,-0.30094992451154035,0.20781530512910298
2022-04-08,-0.27703824500883995,0.22931093807099462
2022-04-09,-0.26363678246366967,0.23320104435344083
2022-04-10,-0.26664562397111097,0.24196113485555162
2022-04-11,-0.17353229077469853,0.2580280148051635
2022-04-12,-0.17226155997033987,0.2589288682032809
2022-04-13,-0.1770393764970488,0.25950910838349556
2022-04-14,-0.18226143384358215,0.2625854389146815
2022-04-15,-0.17348240271837367,0.2725410289008295
2022-04-16,-0.15299183628577775,0.23909325562935516
2022-04-17,-0.15497278820848182,0.20568967984234246
2022-04-18,-0.1774164226665906,0.1722735690530943
2022-04-19,-0.18896637379719558,0.1625645336730905
2022-04-20,-0.19375544579894588,0.15193793717972195
2022-04-21,-0.1896673199156279,0.1381539828871435
2022-04-22,-0.22842903313962346,0.1354801228997163
2022-04-23,-0.21473422264310782,0.10793680476530626
2022-04-24,-0.2125372490655479,0.10561618776348329
2022-04-25,-0.2352448940538216,0.11558867263451168
2022-04-26,-0.2207559731168288,0.13911721170337044
2022-04-27,-0.22492982655322746,0.15784953599842322
2022-04-28,-0.21880850409081348,0.14113006309773288
2022-04-29,-0.11411920689061605,0.08068590037615721
2022-04-30,-0.11644499907288068,0.06489996434214748
2022-05-01,-0.09806446866556788,0.06906501278219461
2022-05-02,-0.08693838848883143,0.07357949181374528
2022-05-03,-0.08981054787264371,0.048718445725720094
2022-05-04,-0.027041796006290777,0.04641393484326492
2022-05-05,0.09275222957805496,0.02168329726066468
2022-05-06,0.07998396951329823,0.03196102306378251
2022-05-07,0.07581458982061084,0.03296701007345598
2022-05-08,0.1019941267466643,0.029723626463704193
2022-05-09,0.19246083660800456,0.04877869954290619
2022-05-10,0.19038103767316497,0.03864077279419235
2022-05-11,0.18939632151533536,0.05386457419156883
2022-05-12,0.193342623559333,0.046928989281368946
2022-05-13,0.23653540944354995,0.061410057075336096
2022-05-14,0.23332217136373898,0.047493409547582494
2022-05-15,0.27366239191055874,-0.007841630909423247
2022-05-16,0.2891047893384191,-0.05089283658506291
2022-05-17,0.2802127670803599,-0.04619521669035903
2022-05-18,0.25550381051541954,-0.03738913571580524
2022-05-19,0.25463097768974025,-0.05023464403584743
2022-05-20,0.261725545232498,-0.05314271234273123
2022-05-21,0.2723417855138487,-0.05245267287691557
2022-05-22,0.27288019019179865,-0.06102302612542093
2022-05-23,0.29316306319954233,-0.09471395341618111
2022-05-24,0.30759167927365566,-0.12098714144769787
2022-05-25,0.3030864278830533,-0.12050160964184478
2022-05-26,0.2894142625827751,-0.05735415144020311
2022-05-27,0.3193075833041294,-0.07819173392922314
2022-05-28,0.3200137273429982,-0.07281359532431622
2022-05-29,0.3286841839030981,-0.07261332028999676
2022-05-30,0.22097211684862467,-0.04459766377404242
2022-05-31,0.2242232208565128,-0.04465783206088505
2022-06-01,0.2096422731743854,-0.028404929895501724
2022-06-02,0.19944358058867892,-0.03963375707757939
2022-06-03,0.213166563025253,-0.054431710930275684
2022-06-04,0.21638452400390643,-0.06214711967717148
2022-06-05,0.22181262984874645,-0.06350533148303605
2022-06-06,0.15792117697167748,-0.038929367273599726
2022-06-07,0.15418874840835947,-0.044113971297726054
2022-06-08,0.14913361651752097,-0.06550813093632185
2022-06-09,0.1519573903557076,-0.070395452252537
2022-06-10,0.09371725251114288,-0.09199138421153517
2022-06-11,0.0823043946931431,-0.10214685588507567
2022-06-12,0.0829867002722941,-0.03960409357358038
2022-06-13,0.15447882611540334,-0.021883323169646245
2022-06-14,0.1497444487016362,-0.040415244742960835
2022-06-15,0.1433681597762064,-0.03041079720046339
2022-06-16,0.09365246984562864,0.04774678412893607
2022-06-17,0.11965626185330218,0.07159983325966073
2022-06-18,0.13888507686126383,0.01921813901667645
2022-06-19,0.15586889354448824,-0.011589940878340635
2022-06-20,0.15433652068981094,-0.006614456415019716
2022-06-21,0.15708900421997476,-0.011446634315592608
2022-06-22,0.156804870355661,-0.00337894096100672
2022-06-23,0.15271978858196056,0.02231579498411446
2022-06-24,0.18780645711336227,0.023841815458748934
2022-06-25,0.20103780033685617,0.007777978593543777
2022-06-26,0.19968172905775042,-0.015206478019089675
2022-06-27,0.19928359890499292,-0.0012273815157572416
2022-06-28,0.1963910044959751,0.005091964898519604
2022-06-29,0.20163700313461577,0.004983673760468697
2022-06-30,0.1910731182930566,-0.005987113144927516
2022-07-01,0.20217307140819968,0.007133990912437185
2022-07-02,0.2027736374180202,0.003789021062373655
2022-07-03,0.16289576049187585,0.010118597028265225
2022-07-04,0.044608287497606446,0.024482741215929124
2022-07-05,0.049596151662579226,0.01807709978021754
2022-07-06,0.046729724963652665,0.027646772294032878
2022-07-07,0.03966865170267493,0.08661272891595664
2022-07-08,-0.023741103849986962,0.07334708599324655
2022-07-09,-0.02690505881804271,0.08084480447079327
2022-07-10,-0.04859578462245425,0.04996739933891843
2022-07-11,-0.017835075992441034,0.08749783011153896
2022-07-12,0.004915220371697028,0.06049924067366759
2022-07-13,0.039662844617796594,0.035481498026727155
2022-07-14,-0.013742759837845314,0.058189714605709306
2022-07-15,-0.029646662083333383,0.11543963930500059
2022-07-16,-0.006802303990597632,0.1246268976665818
2022-07-17,-0.00015099811270575072,0.11543918942946156
2022-07-18,-0.03822941466081012,0.13778203067928982
2022-07-19,-0.05442631166041769,0.15084629413661035
2022-07-20,-0.06446973762303991,0.15049126693368858
2022-07-21,-0.06897700279872522,0.16287430557938748
2022-07-22,-0.09784811005621433,0.22670785890011358
2022-07-23,-0.10878692026818246,0.2383806297955452
2022-07-24,-0.10744707463660369,0.2424546847313096
2022-07-25,-0.055529379992286416,0.26201639689064526
2022-07-26,-0.05929307058546053,0.2587958593261816
2022-07-27,-0.06523884723983808,0.26388670473982223
2022-07-28,-0.08451681070533218,0.25128940883558415
2022-07-29,-0.019743879852863022,0.23902559910461954
2022-07-30,-0.022499385206403866,0.2381506624403155
2022-07-31,-0.01667742512909258,0.2114165378396974
2022-08-01,-0.017561852696736643,0.22086626519125993
2022-08-02,-0.01649428400340046,0.22393807676517571
2022-08-03,-0.020795453201712947,0.22547230208507416
2022-08-04,-0.022759017963434863,0.22692580767339665
2022-08-05,0.028847529141727845,0.23139997831638373
2022-08-06,0.023596558723821708,0.22690018443092483
2022-08-07,0.029217200613280613,0.24555412137054455
2022-08-08,-0.000907030629447349,0.2386304197605604
2022-08-09,-0.004930367026023582,0.2414657469781728
2022-08-10,2.474931901417602e-05,0.24633912558234894
2022-08-11,0.0068018525521375845,0.20032449356918935
2022-08-12,-0.07874049675135943,0.19249222663802298
2022-08-13,-0.09165915013437871,0.19058625610052138
2022-08-14,-0.09190582335637072,0.1889350004062303
2022-08-15,-0.02568153618133758,0.0922676862106455
2022-08-16,-0.015366638533558989,0.09303702090183479
2022-08-17,-0.039259746629164635,0.22976664899859636
2022-08-18,-0.05561371907358689,0.2679008144829443
2022-08-19,-0.0550951710799957,0.11476873777494316
2022-08-20,-0.04469613085746501,0.09343527135551599
2022-08-21,-0.042081365213423025,0.07660826895988433
2022-08-22,-0.03216772106976975,0.050271480840225334
2022-08-23,-0.0330265325312381,0.057032969296138936
2022-08-24,-0.04024156128373356,0.05747028922034109
2022-08-25,-0.03433070644619874,0.05626182042040829
2022-08-26,-0.036361561454843795,0.02483897178445623
2022-08-27,-0.04141599580242454,0.03955922064548549
2022-08-28,-0.04768891148852037,0.029411599334131382
2022-08-29,-0.08087686571096298,0.02769931466381013
2022-08-30,-0.08303260094424393,0.0004885116675389709
2022-08-31,-0.08142926475168671,-0.005493480957240803
2022-09-01,-0.08415983972402359,-0.007779566293879119
2022-09-02,-0.05366231314204772,0.007615304067305613
2022-09-03,-0.05682731590628886,0.0019925019592953114
2022-09-04,-0.04321338353004278,0.0004025721175187778
2022-09-05,-0.02664225869197939,-0.05540457918458202
2022-09-06,-0.010418080840054973,-0.02863525648365015
2022-09-07,-0.005111254326069476,-0.032162189664053945
2022-09-08,0.010527757311350581,-0.02019857691319803
2022-09-09,-0.0621707343859205,0.07724286165840284
2022-09-10,-0.07157524285435879,0.10312277808807499
2022-09-11,-0.09986022352594044,0.14298256728898745
2022-09-12,-0.10326450977916188,0.11964307934435534
2022-09-13,-0.11567986051382555,0.14525309527244476
2022-09-14,-0.13700187396600338,0.14380246427610685
2022-09-15,-0.12124894716116054,0.12542300118551533
2022-09-16,-0.07309274370498425,0.11577384276303972
2022-09-17,-0.05483501414501197,0.12281369170603032
2022-09-18,-0.07369882254959637,0.13092925081254986
2022-09-19,-0.0786711918752765,0.12503842962841055
2022-09-20,-0.06542349591994971,0.10790396093691866
2022-09-21,-0.0621609488541507,0.11525605071841191
2022-09-22,-0.05393839804384114,0.09841220531571482
2022-09-23,-0.10357965456584906,0.07424460681618157
2022-09-24,-0.11780366945221676,0.07135181966755375
2022-09-25,-0.12048631549285893,0.056767710039234254
2022-09-26,-0.12503409197712426,0.07090208551717812
2022-09-27,-0.12570810117470985,0.0713814724268788
2022-09-28,-0.118040653288338,0.07886815039082681
2022-09-29,-0.11749727862321789,0.08682461506607686
2022-09-30,-0.11628846160970605,0.08229635979059308
2022-10-01,-0.12231744899396296,0.08933944366403403
2022-10-02,-0.12881461362985566,0.09667094626072173
2022-10-03,-0.16027495651550075,0.08938000211825851
2022-10-04,-0.1614676170443124,0.08433552215376637
2022-10-05,-0.15733986119747082,0.08518302349436921
2022-10-06,-0.17429018524310677,0.09010811692118602
2022-10-07,-0.14881392650640896,0.09626695523878934
2022-10-08,-0.14826055653852205,0.09184539835098701
2022-10-09,-0.1384747711315586,0.08539294439056394
2022-10-10,-0.11947007149784616,0.08278062895288672
2022-10-11,-0.1245345154486987,0.07204726003542834
2022-10-12,-0.1299109150831398,0.06248016602277724
2022-10-13,-0.13641940988742338,0.06671377863603914
2022-10-14,-0.1421580665578649,0.0627376621500622
2022-10-15,-0.15110173131322713,0.06429580949239595
2022-10-16,-0.13338390590535526,0.03732381398280562
2022-10-17,-0.15353571148082323,0.04563093106643945
2022-10-18,-0.163691989754549,0.17441241665948048
2022-10-19,-0.1781665259552943,0.1916940987508909
2022-10-20,-0.18321605661290882,0.19578465449489058
2022-10-21,-0.19229894613528614,0.19988065838696556
2022-10-22,-0.18473394223866937,0.1873174310444903
2022-10-23,-0.17145020655097262,0.21038781622105435
2022-10-24,-0.15063439485255672,0.21507479360576046
2022-10-25,-0.13900834477818208,0.2196040119188457
2022-10-26,-0.16276138864475045,0.2773596813305671
2022-10-27,-0.1825434474357227,0.30220590277866005
2022-10-28,-0.156793244141813,0.3200767055986432
2022-10-29,-0.15918746062260983,0.32287335128624645
2022-10-30,-0.16990997036028418,0.3332512799080156
2022-10-31,-0.15099932912957975,0.31602869135609923
2022-11-01,-0.1526772227798418,0.3128868143298331
2022-11-02,-0.15578518636581923,0.33077914838552896
2022-11-03,-0.1644003653836693,0.3227585891092791
2022-11-04,-0.1577559714733671,0.26565739782120656
2022-11-05,-0.18220907435096564,0.251775558444633
2022-11-06,-0.20177795691928585,0.26155737609052215
2022-11-07,-0.1785248851761832,0.26189204615124667
2022-11-08,-0.06151417530411715,0.10771694539708698
2022-11-09,-0.07062352248510641,0.1429291915546099
2022-11-10,-0.11481122209946784,0.1192967226910913
2022-11-11,-0.08939360516756033,0.14075109426096355
2022-11-12,-0.07924710706370913,0.10519301498629278
2022-11-13,-0.0835906937833665,0.11821090253437155
2022-11-14,-0.09634997994991819,0.12781739118618624
2022-11-15,-0.10736990329424101,0.14106674276908523
2022-11-16,-0.11278029391694681,0.12677903649443506
2022-11-17,-0.09038111878049214,0.11652198904665599
2022-11-18,-0.08670138716795027,0.1222367149200217
2022-11-19,-0.10060111952296652,0.1389302035763278
2022-11-20,-0.11242658170622674,0.13326065145603946
2022-11-21,-0.10317415330345232,0.17030072483086983
2022-11-22,-0.10311996065779634,0.16466574937700984
2022-11-23,-0.09610053726462743,0.18560869986568865
2022-11-24,-0.09354734303428691,0.18532540965292393
2022-11-25,-0.07410289710529805,0.18518968375716766
2022-11-26,-0.07631901021185157,0.18403792208971528
2022-11-27,-0.08509226334875274,0.1723764769967819
2022-11-28,-0.06891595476336398,0.17246458041964366
2022-11-29,-0.07520610727351648,0.17576592659043716
2022-11-30,-0.06595487819635354,0.191496187830649
2022-12-01,-0.05733050219661069,0.17303287862326028
2022-12-02,-0.016584276273869516,0.16722927327899817
2022-12-03,-0.019731696792758626,0.1520428821278201
2022-12-04,-0.00517739397248751,0.15936536620488212
2022-12-05,0.005160786413922665,0.15274411503044882
2022-12-06,0.010054491143967122,0.15551428169957468
2022-12-07,0.018738081247598175,0.13020213788898038
2022-12-08,0.02343248551759026,0.12686904306875801
2022-12-09,0.005418222747303651,0.13223114571763522
2022-12-10,0.003937445637350881,0.13068650754754846
2022-12-11,0.002807835578724662,0.14199641505329552
2022-12-12,0.0010064717012727331,0.1372753236948832
2022-12-13,-0.02254636051593997,0.18212678049538347
2022-12-14,-0.014606459228172962,0.17890956660637122
2022-12-15,-0.023122885228268157,0.19419924168448618
2022-12-16,-0.029833654493865644,0.20491191100729395
2022-12-17,-0.03256370542912408,0.20354347122977362
2022-12-18,-0.034835865258742306,0.21028743853182744
2022-12-19,-0.01273991413057597,0.215115756703771
2022-12-20,-0.01844695029723501,0.21862462085260334
2022-12-21,-0.02012679047831093,0.22606859866138113
2022-12-22,-0.03085496194456861,0.2057954516985735
2022-12-23,-0.04621302687440172,0.19782197431673823
2022-12-24,-0.05796513392661848,0.20902398064810035
2022-12-25,-0.0213457173646722,0.1314047772241534
2022-12-26,-0.0008444894826825551,0.11762991250284398
2022-12-27,0.011543379921307075,0.11234447813851679
2022-12-28,0.012539150844270569,0.10007141286258515
2022-12-29,0.022036919646729006,0.09263453132048124
2022-12-30,0.014858817131502156,0.10169420025943532
2022-12-31,0.011107913388365677,0.10328973860021555
2023-01-01,0.030755694182012804,0.09207096643913888
2023-01-02,0.027199121040838603,0.0894701185791056
2023-01-03,0.012740776761747336,0.13847522946711108
2023-01-04,0.004547488406623221,0.12669383207813867
2023-01-05,0.02377145880408486,0.12050609033805658
2023-01-06,0.010049494458233072,0.12930960185914786
2023-01-07,-0.0598122288464397,0.17720487921790204
2023-01-08,-0.07251720657584722,0.12788480235036376
2023-01-09,-0.021970301538194167,0.16999196585723866
2023-01-10,-0.03975128072382871,0.18128774167467596
2023-01-11,-0.004763146319015288,0.14109220865394825
2023-01-12,-0.0419644123415655,0.14254703198184882
2023-01-13,-0.037161547525867394,0.16990252650648474
2023-01-14,0.004475029069563169,0.20875825869456263
2023-01-15,-0.01004859477911378,0.209238795293291
2023-01-16,-0.018034874993085176,0.20178764429118734
2023-01-17,-0.02141761697679827,0.19890575958440265
2023-01-18,-0.022282748912750703,0.21384542674319057
2023-01-19,-0.0014014764645482074,0.21681738792196792
2023-01-20,-0.04094081469560565,0.14569796816874175
2023-01-21,-0.04319838812283593,0.14723861029339133
2023-01-22,-0.04591851289019361,0.12888374269525277
2023-01-23,-0.045119369849613816,0.12649991987733597
2023-01-24,-0.04321748680956025,0.1448795030805875
2023-01-25,-0.040297445144114805,0.15776760863600583
2023-01-26,-0.04073692758310179,0.17593532514779028
2023-01-27,-0.06082991804529655,0.17972571041116242
2023-01-28,-0.06417968532337393,0.1799045537327743
2023-01-29,-0.0600693784250934,0.16084213354281607
2023-01-30,-0.012295877627333066,0.20692376052132483
2023-01-31,-0.012682966904853491,0.20323879199642328
2023-02-01,-0.018687464750620122,0.22017827865898687
2023-02-02,-0.025578054377766106,0.2119684664011149
2023-02-03,-0.05057977432767629,0.2193462393040974
2023-02-04,-0.05196701500171312,0.22091890442244477
2023-02-05,-0.08349208074991056,0.248514455736662
2023-02-06,-0.0685861564859794,0.2558901936700822
2023-02-07,-0.07169485051909726,0.2481439783498891
2023-02-08,-0.0595551260475513,0.2535058335155529
2023-02-09,-0.006360787612853438,0.18070661666390536
2023-02-10,-0.017711300824669433,0.1883824945727158
2023-02-11,0.003585366289859706,0.15613799684614366
2023-02-12,0.0015060569431658312,0.15076951999697633
2023-02-13,0.00158924864732512,0.1391734058561676
2023-02-14,0.025098456118605256,0.11680913101824576
2023-02-15,-0.016584777243770967,0.1660468918525451
2023-02-16,-0.0007635210921030606,0.12612606840153626
2023-02-17,-0.0037384115970978257,0.1001430145515483
2023-02-18,-0.00029021427643102874,0.09470999367890462
2023-02-19,-0.018219683208216163,0.09848084718210459
2023-02-20,-0.02434464884227556,0.09044219018768845
2023-02-21,-0.015793438464840503,0.07524715809570595
2023-02-22,-0.012187444443661561,0.09208567477765804
2023-02-23,-0.0045578018408436605,0.0888279581026941
2023-02-24,-0.002301919986694879,0.1242462987037852
2023-02-25,-0.014966714832322633,0.11888804514662313
2023-02-26,-0.03337350589848518,0.15530273724238253
2023-02-27,-0.03031932104410223,0.15936452249801122
2023-02-28,-0.021917365088092406,0.16606795823465756
2023-03-01,-0.021608378968873094,0.17385995232688065
2023-03-02,-0.032128200876452316,0.1805582559094068
2023-03-03,-0.010450040778849628,0.1580373656764222
2023-03-04,-0.02200367245190043,0.1595982292155358
2023-03-05,-0.020757851717144327,0.16285304932529876
2023-03-06,-0.01795395494641723,0.16985578441530855
2023-03-07,-0.006397108913122469,0.1551914879312592
2023-03-08,-0.03752763012101233,0.1706689923717827
2023-03-09,0.013314826080543322,0.16562228317978922
2023-03-10,0.01720100044907771,0.16799717172418033
2023-03-11,0.013969978666542099,0.1691878607725473
2023-03-12,0.06862012116086254,0.18223583060046278
2023-03-13,0.03184515343244805,0.17781148837252694
2023-03-14,0.04058860113482459,0.16195594597303903
2023-03-15,0.01459472208040023,0.12992142694667233
2023-03-16,0.036210889471868866,0.1201600640519538
2023-03-17,-0.0004228501498232962,0.1666191112365394
2023-03-18,-0.013222737994993558,0.16027318876862137
2023-03-19,0.005066460515644716,0.14008038562187236
2023-03-20,0.014966986808412144,0.13932334314304434
2023-03-21,0.025553349031137547,0.17050916897114304
2023-03-22,0.01462565526490071,0.1584311796925526
2023-03-23,0.015915240413149297,0.1769331341365088
2023-03-24,0.015303747549827468,0.18893298485469062
2023-03-25,0.014563048055470661,0.17848016545107337
2023-03-26,0.023269455202457556,0.1603608858254385
2023-03-27,0.039152588204917196,0.15541086732172446
2023-03-28,0.03859631979523699,0.15294623316199818
2023-03-29,0.02789106292302977,0.17224725913934835
2023-03-30,0.018388610175716393,0.17443390562945565
2023-03-31,-0.014774436183569047,0.1411215333247866
2023-04-01,-0.01322165152029711,0.151834649198117
2023-04-02,0.0027961004121708614,0.13329144590490943
2023-04-03,0.002225617756816236,0.14825171504209092
2023-04-04,-0.007704000053267713,0.15430020981591067
2023-04-05,-0.008912436880434532,0.15370119079429048
2023-04-06,0.010940308359286508,0.15617486750382897
2023-04-07,0.0006905037530627835,0.1567848936155318
2023-04-08,0.0005576419323020779,0.1607756542195187
2023-04-09,0.002771321650338546,0.1543849946173125
2023-04-10,-0.05391077442989934,0.17367518440338056
2023-04-11,-0.05927369426252064,0.1792551559156885
2023-04-12,-0.06652911193554356,0.17960495364371057
2023-04-13,-0.06332421038700249,0.18175031500602074
2023-04-14,-0.06725170678280872,0.18099614724793783
2023-04-15,-0.07181300836209191,0.17780740431692302
2023-04-16,-0.03622794504815974,0.13446638715599366
2023-04-17,0.009568244339694118,0.1328769873964864
2023-04-18,-0.0210871585819672,0.1554176184201642
2023-04-19,-0.01987924775364078,0.18608645612487593
2023-04-20,-0.01229776272260816,0.18915822468340385
2023-04-21,0.031015142878877244,0.18770274664824793
2023-04-22,0.02062057802678465,0.1973980880135851
2023-04-23,0.030211873976203514,0.1915536068710185
2023-04-24,0.02248664654355956,0.21232431352152842
2023-04-25,0.01594177115346634,0.16334183121110568
2023-04-26,0.016547243762367537,0.16295170233669365
2023-04-27,0.04083162414364132,0.15477215038040867
2023-04-28,0.04396651612645574,0.14630790850500416
2023-04-29,0.03473452185227901,0.14577269414743602
2023-04-30,0.05007305640230566,0.12999772531781711
2023-05-01,0.09096678019992936,0.05411788715309232
2023-05-02,0.10177611741956356,0.04778427979927381
2023-05-03,0.10383015930687958,0.04858552492260144
2023-05-04,0.10401248684276268,0.04774988866553827
2023-05-05,0.11793638326164,0.029359171341797895
2023-05-06,0.1387872303592741,0.009364605454392277
2023-05-07,0.17319037714562632,-0.021987239325719356
2023-05-08,0.12704433037389468,-0.04367293744240133
2023-05-09,0.12920612583328792,-0.045146287186174625
2023-05-10,0.13814682699481307,-0.05802069883095814
2023-05-11,0.04716655391043964,-0.017436909376204218
2023-05-12,0.1275602418107182,-0.03862002612615419
2023-05-13,0.12188179339671351,-0.0400228440675403
2023-05-14,0.12766564761336419,-0.037883072816421115
2023-05-15,0.126463619343441,-0.0345628484877439
2023-05-16,0.19755196871537725,-0.11888307592554964
2023-05-17,0.2101127403934924,-0.11488209902219765
2023-05-18,0.15281980852074126,-0.08279142435371382
2023-05-19,0.14769830482381574,-0.08041662203122234
2023-05-20,0.15310610730922553,-0.08837954871443682
2023-05-21,0.17806959051472418,-0.08727706420278175
2023-05-22,0.1852060967994879,-0.12727235677466023
2023-05-23,0.18796707526145362,-0.13936477709268208
2023-05-24,0.11125759082552303,-0.09847355103033958
2023-05-25,0.0973962894112251,-0.09306605292323009
2023-05-26,0.07359915949275402,-0.08987593648945738
2023-05-27,0.07963128345866997,-0.09123837772148406
2023-05-28,0.0784050791115322,-0.06619812634860588
2023-05-29,0.0860530000260902,-0.06693754158890997
2023-05-30,0.08147393636236115,-0.0559532720915469
2023-05-31,0.0593407351106371,-0.03486653437839889
2023-06-01,0.04316073137061669,-0.025848110680997044
2023-06-02,0.01743776265221021,-0.005242891183176575
2023-06-03,0.02574349956173851,-0.018355842594087693
2023-06-04,0.02538576411086874,-0.016269597621173606
2023-06-05,0.02254726274443945,0.013766394746083791
2023-06-06,-0.038320313752728166,0.04545829878599367
2023-06-07,-0.03987474452738361,0.05760581181249986
2023-06-08,-0.04791754314669542,0.06385734271095296
2023-06-09,-0.03680753338690146,0.10892499322846222
2023-06-10,-0.013341744429513486,0.09222704250130438
2023-06-11,-0.016085251121909217,0.09339747054623203
2023-06-12,-0.016939748218762523,0.09952321163794346
2023-06-13,-0.019887506846984402,0.09733991471046056
2023-06-14,-0.04942218189520042,0.13058049220753262
2023-06-15,-0.07227523129650959,0.15591157367536826
2023-06-16,-0.1425286595624233,0.2028835954220673
2023-06-17,-0.14025338408899043,0.19452385969086217
2023-06-18,-0.14696171810095496,0.15870108223017418
2023-06-19,-0.1366703734725558,0.1399645441431799
2023-06-20,-0.18763991465057528,0.14366256485878667
2023-06-21,-0.11334197919359465,0.11541557832669964
2023-06-22,-0.12421895545123715,0.10590991888083412
2023-06-23,-0.1182806950608647,0.09276936614568065
2023-06-24,-0.11476310806119029,0.10727636415944927
2023-06-25,-0.11298675980013745,0.10562019842617368
2023-06-26,-0.13474675383040444,0.1040878924992269
2023-06-27,-0.14474800392578335,0.10308930385210457
2023-06-28,-0.16738697560307061,0.1316468007966442
2023-06-29,-0.17803785463182642,0.14496747332319487
2023-06-30,-0.22692156014630702,0.22066775900570187
2023-07-01,-0.27295542102654313,0.24918124072780903
2023-07-02,-0.2704485637649059,0.240767669609129
2023-07-03,-0.2757931925623196,0.22711676651857246
2023-07-04,-0.2916331535365117,0.24700954975717146
2023-07-05,-0.3262292265210033,0.28525532706376405
2023-07-06,-0.34638966651892483,0.30563195742374594
2023-07-07,-0.3562579070562521,0.3390114617670832
2023-07-08,-0.35635263531213046,0.33867757701885803
2023-07-09,-0.35990457815711363,0.3395571468731569
2023-07-10,-0.3339573856785808,0.3144566600531608
2023-07-11,-0.32452358985652313,0.3062805974198228
2023-07-12,-0.32202568655063246,0.30086612656346806
2023-07-13,-0.26140890702679226,0.2492997934929496
2023-07-14,-0.23752095355513225,0.21163639516161148
2023-07-15,-0.23722819680517648,0.21664334620084638
2023-07-16,-0.22926646273899312,0.2162491224233484
2023-07-17,-0.21092902908917055,0.20740161109410468
2023-07-18,-0.19217789123650805,0.19073431762951873
2023-07-19,-0.1997036195896465,0.20120585481774528
2023-07-20,-0.21709563531172926,0.2199503774749129
2023-07-21,-0.21260526175014283,0.21773989855410714
2023-07-22,-0.21148830071966224,0.1994397781496484
2023-07-23,-0.17700804892502867,0.17922264733891524
2023-07-24,-0.17616094703412719,0.17424832946221103
2023-07-25,-0.17078379179812153,0.17233422270789087
2023-07-26,-0.1743115382555105,0.1765972199538829
2023-07-27,-0.16738485479649687,0.14083089409643415
2023-07-28,-0.17439291400815637,0.1465765511616086
2023-07-29,-0.17385695466619758,0.14524846839893513
2023-07-30,-0.14562581987740267,0.1115663065859768
2023-07-31,-0.1347493652479473,0.10771853396479851
2023-08-01,-0.11054660328490344,0.07692193167938444
2023-08-02,-0.10352771440694605,0.04883609511176479
2023-08-03,-0.10272883715605917,0.04875219377767754
2023-08-04,-0.12023167833404055,0.03168326822734951
2023-08-05,-0.05163799055746773,-0.011385123299968634
2023-08-06,-0.051966502325921364,-0.029151036923737023
2023-08-07,-0.04551069762312609,-0.03516895126200889
2023-08-08,-0.01869929384463215,-0.05272521681585938
2023-08-09,0.0018137906042180582,-0.09886059044950953
2023-08-10,-0.010284912193324463,-0.08811980398856739
2023-08-11,-0.004814757920701635,-0.09155265199501542
2023-08-12,-0.005473659392677812,-0.09311235452296383
2023-08-13,0.03399683241779263,-0.13703888203479733
2023-08-14,0.052504784168432656,-0.15243560300121659
2023-08-15,0.09040405510631828,-0.16345532406053634
2023-08-16,0.08623705131939052,-0.15125627355874446
2023-08-17,0.04395111725526862,-0.0834910311837652
2023-08-18,0.03184618499420892,-0.0545859211930197
2023-08-19,0.05610275049351188,-0.057907881448957615
2023-08-20,-0.008367610398484146,-0.029245894046307685
2023-08-21,-0.008214081533231535,-0.030086182342334827
2023-08-22,-0.01228768598168747,-0.013934740430428035
2023-08-23,-0.013515042900158918,-0.01571453527766115
2023-08-24,-0.013757591435781653,-0.015032228257801882
2023-08-25,-0.014415208322370336,-0.0156074116275211
2023-08-26,-0.006830261641682282,-0.007757523667018829
2023-08-27,0.020803364673086074,-0.0543089156544619
2023-08-28,0.04398925816498988,-0.09649400398227752
2023-08-29,-0.05408433082049149,0.1022322812642443
2023-08-30,-0.07559808152155012,0.11829788091696981
2023-08-31,-0.05985349295317722,0.0850819036867212
2023-09-01,-0.05355306090557427,0.10291970717906461
2023-09-02,-0.06480860188982253,0.10323029037716726
2023-09-03,-0.07558623452580122,0.1056905994454594
2023-09-04,-0.060331222542312504,0.09696903036465081
2023-09-05,-0.03467608911455434,0.0729273653561368
2023-09-06,-0.034930762646518815,0.07354656964495743
2023-09-07,-0.04515112901126866,0.08420994246648765
2023-09-08,-0.06177714724345379,0.09700417628636207
2023-09-09,-0.071769117604807,0.10537055267959985
2023-09-10,-0.07488310222087474,0.10754141413732408
2023-09-11,-0.14397871157455078,0.15591855838937357
2023-09-12,-0.17093680461780533,0.16206699330572083
2023-09-13,-0.17730323372474477,0.16796809059113638
2023-09-14,-0.18411826651257657,0.17963634290402472
2023-09-15,-0.1905032391717058,0.18310215516906583
2023-09-16,-0.20371265826692564,0.19091035722311459
2023-09-17,-0.20868131785851718,0.19399299587328772
2023-09-18,-0.2102267402664725,0.1987737027049594
2023-09-19,-0.1894124358565353,0.18554360312902968
2023-09-20,-0.18688351653979485,0.19376755325038675
2023-09-21,-0.19047286379706946,0.20025789545444353
2023-09-22,-0.1913109868703509,0.20198142793532617
2023-09-23,-0.19153344535850308,0.2003876788512853
2023-09-24,-0.20526713771692745,0.20569460575512166
2023-09-25,-0.19193037797177226,0.2040317091461043
2023-09-26,-0.18868363412325292,0.20511032220575717
2023-09-27,-0.19162291874186166,0.21336704418834976
2023-09-28,-0.21106681444176045,0.21492772284005462
2023-09-29,-0.21870117544243484,0.21599904576588133
2023-09-30,-0.2212831893601749,0.22103724213741593
2023-10-01,-0.23935791604320833,0.2375147048468587
2023-10-02,-0.2322950065258866,0.207935499903249
2023-10-03,-0.2366106384191114,0.2070577916841583
2023-10-04,-0.24183100697417748,0.17734366246595573
2023-10-05,-0.23357866422407303,0.16837063975769315
2023-10-06,-0.24563429417851376,0.19156585984850505
2023-10-07,-0.277725733338471,0.21607753448035946
2023-10-08,-0.2982794754758736,0.2355549227632147
2023-10-09,-0.28778887991075347,0.23289958161523916
2023-10-10,-0.29392818637082113,0.23272085864112463
2023-10-11,-0.29542155787462304,0.23752423277115498
2023-10-12,-0.2945774093181843,0.23527452851313163
2023-10-13,-0.293566627949882,0.2166177586529915
2023-10-14,-0.29618184775673406,0.2163056428388449
2023-10-15,-0.295229442357309,0.2245621060526496
2023-10-16,-0.341060499712134,0.1481148649084937
2023-10-17,-0.331295556017953,0.11225081825209264
2023-10-18,-0.33980293897221436,0.11671578942796046
2023-10-19,-0.3438359462850223,0.11344200750180242
2023-10-20,-0.34646214635927214,0.11071604678289414
2023-10-21,-0.3402459841739024,0.10989715017537664
2023-10-22,-0.34016394638722897,0.11238405052566106
2023-10-23,-0.35937138461254947,0.1281787290430676
2023-10-24,-0.36986771301159505,0.11592091743678365
2023-10-25,-0.38087478723113316,0.12341383125033493
2023-10-26,-0.3869277095173469,0.12354072797430739
2023-10-27,-0.3827604914155081,0.12291213486042347
2023-10-28,-0.31548529754050597,-0.020721397536127263
2023-10-29,-0.2726396082142899,-0.04859683803858997
2023-10-30,-0.3016034917184787,-0.027439794997349057
2023-10-31,-0.3018268918026938,-0.027700799991621134
2023-11-01,-0.31582538225857315,-0.03324117938588671
2023-11-02,-0.3287939349054969,-0.03325122938934746
2023-11-03,-0.31696748467558983,-0.02683551070271968
2023-11-04,-0.3089278917619594,-0.01873664119793307
2023-11-05,-0.3114770685196151,-0.014461533818419081
2023-11-06,-0.2992637141349415,-0.013379249698541635
2023-11-07,-0.2856979850436371,-0.022795053092548364
2023-11-08,-0.2972862988888757,-0.018142595503356156
2023-11-09,-0.289943224364511,-0.004174481182823591
2023-11-10,-0.2639648803194541,0.002004749438365252
2023-11-11,-0.2525454673721293,0.0210129239904497
2023-11-12,-0.2435345137047968,0.017256206545170762
2023-11-13,-0.27266682933052,0.047279960338215674
2023-11-14,-0.23742116672292313,0.03521667186087563
2023-11-15,-0.24925430054756736,0.055591915782271746
2023-11-16,-0.2200957295154993,0.013690046286642665
2023-11-17,-0.21272765254380682,0.010655687719046765
2023-11-18,-0.22586247747523805,0.019125034789204153
2023-11-19,-0.23606631068815595,0.019642915307908813
2023-11-20,-0.2114281074282348,0.004689686640556499
2023-11-21,-0.2440749286197314,0.029503578837076074
2023-11-22,-0.25953163079491354,0.01754515829699145
2023-11-23,-0.23522430443491588,-0.00020046433437798366
2023-11-24,-0.2401865516977374,-0.0013825701595850117
2023-11-25,-0.24463176796505517,-0.004497127074012526
2023-11-26,-0.24852274113998227,0.006276275044230123
2023-11-27,-0.24706404895876755,0.021467421774600242
2023-11-28,-0.24099945087464392,0.026506842028055498
2023-11-29,-0.24105677914591114,0.027261980396040688
2023-11-30,-0.21699954155802617,0.02517450237102239
2023-12-01,-0.23938084072346566,0.09274690276363977
2023-12-02,-0.2228529073890207,0.07518337926222984
2023-12-03,-0.22596316600984806,0.0958608628729271
2023-12-04,-0.18215943288469305,0.09826719067070418
2023-12-05,-0.15870316554732553,0.08209415305975037
2023-12-06,-0.16159458620708037,0.08025631017197517
2023-12-07,-0.17437515414642143,0.0890178010229228
2023-12-08,-0.19368329100580414,0.09195862679939504
2023-12-09,-0.16981822091646973,0.08642598421792243
2023-12-10,-0.16762200684769424,0.08121588661143381
2023-12-11,-0.162891678508942,0.06994603855558504
2023-12-12,-0.16245930113321597,0.06924860124232336
2023-12-13,-0.16748093476856926,0.08007202756421668
2023-12-14,-0.16866325634863621,0.0748274620550698
2023-12-15,-0.13459336606631225,0.10052205422813
2023-12-16,-0.13432091805214735,0.11560542838799405
2023-12-17,-0.1326573251356781,0.1102790243324534
2023-12-18,-0.13430663136272022,0.10100938960609375
2023-12-19,-0.12580511600418295,0.10234594656974474
2023-12-20,-0.10810910062206022,0.08705621258479752
2023-12-21,-0.10699829498098246,0.0867593387903232
2023-12-22,-0.05316265668054102,0.06714108602823551
2023-12-23,-0.04190845858844524,0.08686423364862768
2023-12-24,-0.018973038322606512,0.07080006752733517
2023-12-25,0.0027997980617836546,0.053130260023887474
2023-12-26,0.006302561269822506,0.05758833133280892
2023-12-27,0.006673671864456351,0.06190491020059194
2023-12-28,-0.03185187324865406,0.08661928650797539
2023-12-29,-0.01301623406853144,0.07557161766312397
2023-12-30,-0.013724134661335378,0.07599326550839101
2023-12-31,-0.007137456878304391,0.08021349246109571
2024-01-01,0.02190725663295323,0.04744344112435035
2024-01-02,0.040143671663531,0.027413557837213557
2024-01-03,0.09330580004254457,-0.027928662908283663
2024-01-04,0.09252732510263431,-0.025577505658527074
2024-01-05,0.10422741559570368,-0.025526498333335458
2024-01-06,0.10306390855087431,-0.026316977919448634
2024-01-07,0.1052942113442628,-0.02350496358535891
2024-01-08,0.0558006880099212,0.004586141475079208
2024-01-09,0.06060535843373556,-0.014035168253717728
2024-01-10,0.05964537605274125,-0.0171242018023504
2024-01-11,0.062065336549089405,-0.026563479539353178
2024-01-12,0.05137374159139835,-0.04304242121813449
2024-01-13,0.03210419278108064,-0.030265255766631565
2024-01-14,0.06559382585904781,-0.05512294452089946
2024-01-15,0.06151761996459122,-0.02750332024937104
2024-01-16,0.05063697782134919,-0.022036659771332654
2024-01-17,0.04788874484002888,-0.01869395871462898
2024-01-18,0.06522603106379059,-0.04089933916968771
2024-01-19,0.0654945411669642,-0.04310699066854583
2024-01-20,0.10548769241324522,-0.06745174352244161
2024-01-21,0.11566717037037401,-0.047040571428477916
2024-01-22,0.05972831046134891,-0.0671187052609866
2024-01-23,0.06593173817868202,-0.06964697806620591
2024-01-24,0.06509933707493822,-0.07047308098042486
2024-01-25,0.06560652165462713,-0.0810396897100742
2024-01-26,0.02015869025092957,-0.11347776493442244
2024-01-27,0.016504388088718236,-0.11855782580910001
2024-01-28,0.01925111333652809,-0.11856825432102326
2024-01-29,0.024432666462555534,-0.123577890507731
2024-01-30,0.03773529670762773,-0.18738307622279018
2024-01-31,0.022243180599664167,-0.16283396550870444
2024-02-01,0.03993030816776331,-0.17644806673991797
2024-02-02,-0.005885991159799595,-0.17441496130917888
2024-02-03,-0.029149491148486622,-0.17345007928325917
2024-02-04,-0.041916403941374414,-0.16694230252993633
2024-02-05,-0.03282084035203831,-0.18130826844311057
2024-02-06,-0.02547373752245569,-0.18706043943025677
2024-02-07,-0.07785270070638908,-0.18248214089425072
2024-02-08,-0.03890772782391479,-0.19688230988829059
2024-02-09,-0.06497951268156169,-0.12839708624581364
2024-02-10,-0.06956179851109791,-0.13288589378447516
2024-02-11,-0.05189397592817364,-0.15166617894661946
2024-02-12,-0.0731753675159887,-0.10808700534279024
2024-02-13,-0.08799316910971153,-0.07630793263339289
2024-02-14,-0.0806860174353513,-0.06067970310815227
2024-02-15,-0.08022107816296035,-0.06260932411814105
2024-02-16,-0.07467478273345927,-0.05253347559033854
2024-02-17,-0.07487217856013696,-0.05337869416142117
2024-02-18,-0.09421694718819647,-0.044392004008285524
2024-02-19,-0.09031067196791029,-0.050351353254985326
2024-02-20,-0.09286155936853595,-0.04919267274120489
2024-02-21,-0.09472207610855554,-0.05708715159850148
2024-02-22,-0.10982362505291728,-0.04727582553129163
2024-02-23,-0.11791234301254415,-0.047644675520720985
2024-02-24,-0.11718456471858274,-0.06576585290668423
2024-02-25,-0.11583136281262818,-0.07056302481847704
2024-02-26,-0.05739176585048431,-0.13057927878592865
2024-02-27,-0.09382054809882599,-0.10712255928070136
2024-02-28,-0.08618556512778992,-0.009208793520939586
2024-02-29,-0.09660840419469705,0.00016802052726806182
2024-03-01,-0.11235079993547083,0.03054103653002771
2024-03-02,-0.14521918474193177,0.050684905000060336
2024-03-03,-0.20695754078005843,0.09947936874612755
2024-03-04,-0.19234496523615469,0.07161058438209193
2024-03-05,-0.16312119683418935,0.001838970268320633
2024-03-06,-0.15595004545610894,-0.011147573496124457
2024-03-07,-0.15349298775975326,-0.01799874430495399
2024-03-08,-0.12041768631813515,-0.05720722584978573
2024-03-09,-0.13464181464703337,-0.03781272529917582
2024-03-10,-0.1393560042077481,-0.03557663599672551
2024-03-11,-0.15455200454596268,-0.001235096924515967
2024-03-12,-0.12297831477887676,-0.003737792391399047
2024-03-13,-0.14565188836194423,-0.004400076914891558
2024-03-14,-0.16584880221811757,-0.004495292016890571
2024-03-15,-0.18289201014032602,0.019657654442175477
2024-03-16,-0.13383177718098793,-0.003204609368701576
2024-03-17,-0.13894229540238967,-0.01139795459204784
2024-03-18,-0.13635044576123878,0.013103880938096007
2024-03-19,-0.1040801100096391,0.011136480614019933
2024-03-20,-0.06497905433222642,-0.010910802660299191
2024-03-21,-0.08175757683142834,0.009126507209427545
2024-03-22,-0.021803906740354068,0.025400031332733847
2024-03-23,-0.021098989073299428,0.020862851932847537
2024-03-24,-0.027579329777472825,0.022921962883170867
2024-03-25,-0.020765881425435152,0.022696579070445578
2024-03-26,0.02381862801719718,0.04837733426656858
2024-03-27,0.030528188233060093,0.05064068094238748
2024-03-28,0.0231281024452823,0.04948547762050351
2024-03-29,0.021768428046222407,0.060488498006549755
2024-03-30,0.03345585354903573,0.0521556845961527
2024-03-31,0.05952302175312012,0.0352684231780437
2024-04-01,0.06306929380760819,0.025947905552429085
2024-04-02,0.07965347293689871,0.054750341629523844
2024-04-03,0.0730927776538346,0.050049367913191374
2024-04-04,0.12106456248017129,0.043200636415103105
2024-04-05,0.13032197112205224,0.037761052080869655
2024-04-06,0.12453601977685948,0.038312099120214146
2024-04-07,0.16190939560695802,0.03867305681705467
2024-04-08,0.15626012945404225,0.04349131663867007
2024-04-09,0.17948905226212034,0.02699579933091952
2024-04-10,0.1757977008787996,0.03413671490257868
2024-04-11,0.1696811889205422,0.04195641699623378
2024-04-12,0.17949017268676615,-0.012008531633546015
2024-04-13,0.21717488228798695,-0.048945139298708355
2024-04-14,0.21150529326298467,-0.07763415900968103
2024-04-15,0.2250020278087168,-0.08254775947912633
2024-04-16,0.2229675925194827,-0.0828816038487949
2024-04-17,0.19965695048933715,-0.030112456681110285
2024-04-18,0.1868483323804924,-0.01574725772246332
2024-04-19,0.18389260245790448,-0.010404541273549358
2024-04-20,0.15786556398681556,0.012250755218649058
2024-04-21,0.1623284992675944,0.01432351046719005
2024-04-22,0.16038285222177848,0.006308524062995757
2024-04-23,0.16042692686282334,0.008296048952528012
2024-04-24,0.07834424506472566,0.04112810899275509
2024-04-25,0.07798089121813588,0.04249353757890225
2024-04-26,0.0361212907713003,0.08837267733359623
2024-04-27,0.052830060757367306,0.08758345901214869
2024-04-28,0.05611734506846147,0.001917837721962609
2024-04-29,0.06953631186699108,-0.005055321899426779
2024-04-30,0.11017617288180609,-0.015356216013756677
2024-05-01,0.10916497348077306,0.00045887427254380524
2024-05-02,0.10398133214952543,-0.007967427931181274
2024-05-03,0.14072897361293846,-0.007240435955737326
2024-05-04,0.11061953353063704,0.06129900322304019
2024-05-05,0.10399898282191962,0.08053986328337275
2024-05-06,0.0988573502778518,0.08354679730618667
2024-05-07,0.07854661071629315,0.0925265217568934
2024-05-08,0.08611480517491055,0.09124018651353809
2024-05-09,0.07180701309630573,0.11025990547560184
2024-05-10,0.10891187190711306,0.08112153521364981
2024-05-11,0.11239666922415005,0.07965250403974006
2024-05-12,0.12933376692095958,0.059242156156428014
2024-05-13,0.1422920678339447,0.06408315486157992
2024-05-14,0.12223600800573105,0.061877256778688064
2024-05-15,0.06427780705974703,0.10108233223516769
2024-05-16,0.07054639926427186,0.10210302759916705
2024-05-17,0.05570615491109762,0.11911622384382047
2024-05-18,0.036303655003181806,0.12819703943474642
2024-05-19,0.0014638966271414832,0.15103665956671886
2024-05-20,0.016978883101248784,0.1236413071402922
2024-05-21,0.007625279791157033,0.13427797511021436
2024-05-22,0.008459957384246961,0.12156975670413186
2024-05-23,0.024411357481142808,0.11745602785433239
2024-05-24,0.018865082249569308,0.13962025780259807
2024-05-25,0.015922054654907983,0.13882942470089768
2024-05-26,0.014397638572242029,0.1349316818701011
2024-05-27,0.03865147116949615,0.10730003831588229
2024-05-28,0.040586974790657655,0.10182802570655507
2024-05-29,0.04536850653306429,0.09903305913025134
2024-05-30,0.027835666250896098,0.1043618638812021
2024-05-31,0.035699201493871284,0.09138906908971867
2024-06-01,0.022569536081703104,0.07409015955210177
2024-06-02,0.024901845939122282,0.07658550529079085
2024-06-03,0.006843799209903745,0.08754004267400355
2024-06-04,0.02610649813242235,0.07127587428430092
2024-06-05,0.03721336042657186,0.06670190061688036
2024-06-06,0.04268961979592655,0.06060068927081327
2024-06-07,-0.005712060097897885,0.03016180748947574
2024-06-08,-0.005682092550182697,0.012483172857116984
2024-06-09,-0.0018764151583958346,0.0026322363196847514
2024-06-10,-0.0014851018629857692,-0.0007011334935930265
2024-06-11,-0.0341531429185088,0.04488239488841382
2024-06-12,-0.0683627458337064,0.07858811056321655
2024-06-13,-0.06156950091727044,0.10122979700044857
2024-06-14,-0.082208629675806,0.11503502310865706
2024-06-15,-0.08264310827748846,0.11471426642883108
2024-06-16,-0.07354730864022246,0.07633698121226329
2024-06-17,-0.06297684367810175,0.06873783041297853
2024-06-18,-0.04152996887372935,0.05885819066757981
2024-06-19,-0.021104376129472562,0.02575757415161172
2024-06-20,-0.022387384426006296,0.025441335268070898
2024-06-21,-0.01268049769543501,0.03379019254528177
2024-06-22,-0.019891494892467942,0.04502945732718043
2024-06-23,0.008535224269878927,0.05161347251418563
2024-06-24,0.0223568153468378,-0.045692396943074025
2024-06-25,0.019923382650062188,-0.07109452569262387
2024-06-26,0.015708103447032457,-0.07041933857184528
2024-06-27,0.022240697638482014,-0.06647312245907015
2024-06-28,0.0335255514181499,-0.0636115535217372
2024-06-29,-0.011147923525056124,-0.056298717682762234
2024-06-30,0.028836796802199582,-0.11512415809979437
2024-07-01,0.03746264733897932,-0.1175801253066334
2024-07-02,-0.007311633772648849,-0.0961824499179662
2024-07-03,0.004178221048550064,-0.10378335864988542
2024-07-04,0.01153303065639965,-0.07191623112465612
2024-07-05,0.017056478233799594,-0.08119325044539956
2024-07-06,0.0001326773643381386,-0.03383568398956462
2024-07-07,-0.008029128831318236,-0.008941141916806358
2024-07-08,0.013101415719147054,-0.02023663707150334
2024-07-09,-0.030500804201148007,-0.02049114555804409
2024-07-10,-0.030860120419320906,-0.019571142087020314
2024-07-11,-0.039618442619741345,-0.009390837818692545
2024-07-12,-0.0414567314102398,-0.019031513260285706
2024-07-13,-0.031857720917403506,-0.02105428502432819
2024-07-14,0.03337755474652446,-0.03595974395860747
2024-07-15,0.04589899562383966,-0.05456347213501523
2024-07-16,0.05902079675000858,-0.07801423050132197
2024-07-17,0.06769076615135965,-0.0858331312848365
2024-07-18,0.05704693987195732,-0.07595160319652308
2024-07-19,0.03690698560556386,-0.0360648600750469
2024-07-20,0.035102742233923324,-0.033630939082838325
2024-07-21,0.024078257939684846,-0.022399633116179703
2024-07-22,0.011713564012509788,-0.026560679675020335
2024-07-23,0.015572461743741616,-0.007148893402011918
2024-07-24,0.010489467285726722,0.0009558521398192584
2024-07-25,0.0041993398205643385,0.008777696883497683
2024-07-26,0.03649229082055519,0.03364817136272405
2024-07-27,0.03184316426785994,0.0362770752585421
2024-07-28,0.01616486229596181,0.03814528209498153
2024-07-29,0.007268599978555128,0.011367599112135836
2024-07-30,-0.010721907861474757,0.038925408990350054
2024-07-31,-0.02111049027591081,0.04880478531224251
2024-08-01,-0.021179745714510912,0.04856734657894839
2024-08-02,-0.060935374736457625,0.08145535008591324
2024-08-03,-0.0808774998342622,0.10151247108370534
2024-08-04,-0.07404319587586776,0.09599308723357439
2024-08-05,-0.057297287244559375,0.10606588115409346
2024-08-06,-0.03826841837628078,0.13048257913821015
2024-08-07,-0.0459078462319214,0.13395951124378258
2024-08-08,-0.08968070240924422,0.1483957941684146
2024-08-09,-0.0925929501937846,0.14829206085617958
2024-08-10,-0.05925445514505857,0.1275916165291324
2024-08-11,-0.03125782579015087,0.06377917716607318
2024-08-12,-0.024055064793454463,0.05381708956362992
2024-08-13,-0.032690267010862695,0.0571316840376295
2024-08-14,-0.04500312813721227,0.06767475212834213
2024-08-15,-0.03619971314989529,0.05088810443995245
2024-08-16,-0.030677868345464196,0.039447584322519304
2024-08-17,-0.05601137233568307,0.04753771433593968
2024-08-18,-0.05277167859605748,0.04410822640087469
2024-08-19,-0.03337947075810576,0.02823106906264132
2024-08-20,-0.033836888820923616,0.02341845539809711
2024-08-21,-0.026410555686353858,0.01642690230635091
2024-08-22,-0.0025093867865222793,-0.020001070936481204
2024-08-23,-0.018041921047919865,0.031191237739597772
2024-08-24,-0.010848909517988286,0.050721149133885805
2024-08-25,-0.006461183519995712,0.04794822346228033
2024-08-26,-0.022847344121306453,0.044557599219729904
2024-08-27,-0.02566301845909339,0.04124910171277742
2024-08-28,-0.017188433371657895,0.034740697962462104
2024-08-29,-0.05015300367315759,0.06142712903830626
2024-08-30,-0.047901481904116215,0.05868731355867057
2024-08-31,-0.04508310071655091,0.05904665580072302
2024-09-01,-0.04428567736463742,0.064873222883546
2024-09-02,-0.06730902718719461,0.06583079574462569
2024-09-03,-0.08701071383883126,0.07661723692987903
2024-09-04,-0.06606199154476258,0.04025120063845329
2024-09-05,-0.06790019011523996,0.013025763768170615
2024-09-06,-0.07929586403911423,0.02973797499668288
2024-09-07,-0.07334942052560782,0.03323744261002362
2024-09-08,-0.07967447918476761,0.03561261981758815
2024-09-09,-0.02493863504520186,0.009980869222461499
2024-09-10,-0.023802009262111283,0.0041812573783444
2024-09-11,-0.018993312389886795,0.0038322786944471367
2024-09-12,-0.05150691597083217,0.015432857370914687
2024-09-13,-0.02641891603764803,0.005985587139979947
2024-09-14,-0.019677678294336823,0.0021416972174962555
2024-09-15,-0.021880071301233473,0.004837443184415057
2024-09-16,-0.036622995815993806,0.014405182200369496
2024-09-17,-0.03014837076203466,0.01537619978122895
2024-09-18,-0.02492891212631432,0.0016306396968884056
2024-09-19,-0.005998832422996955,-0.0042481560909100385
2024-09-20,-0.007985984586959042,0.002097859553317318
2024-09-21,-0.01171166988765921,-0.010792680612698414
2024-09-22,-0.004860479146748384,-0.01799660015104604
2024-09-23,-0.0015596292875535757,-0.02323533131602889
2024-09-24,-0.047137448898821134,-0.0235821955653004
2024-09-25,-0.04899840697416948,-0.017019636064307883
2024-09-26,-0.03522136470327075,-0.02621074265324199
2024-09-27,-0.04258930748445873,0.006795421253289548
2024-09-28,-0.03697813612817217,-0.003432401404628366
2024-09-29,-0.020818593374193558,-0.015604838181312978
2024-09-30,-0.03825284698232038,0.015174084472453768
2024-10-01,0.024473938426645164,-0.06116282799482083
2024-10-02,0.017075636236540504,-0.059055219472466065
2024-10-03,0.007101287696650809,-0.05555076880894489
2024-10-04,-0.00875368469690126,-0.06183565655427484
2024-10-05,-0.0014358527261604693,-0.048019672103009815
2024-10-06,0.021559007292829054,-0.05231626871879991
2024-10-07,0.09103611481283028,-0.07345606960398067
2024-10-08,0.10004883124511627,-0.07316522811258597
2024-10-09,0.05712024736937504,-0.014545525759547115
2024-10-10,0.04834384870178151,0.038636056551157684
2024-10-11,0.058587656263936014,0.037241688342764034
2024-10-12,0.06850411708167599,0.03083845570167698
2024-10-13,0.07900870715055326,0.01782911608900946
2024-10-14,0.0725009496857353,0.04792284697453679
2024-10-15,0.06409260959058007,0.06911471125966587
2024-10-16,0.06678488746228184,0.06647770859992888
2024-10-17,0.057961316728874536,0.06542284970334167
2024-10-18,0.06104698835970822,0.06125084456411249
2024-10-19,0.05648655292862316,0.06360122236353973
2024-10-20,0.04847771365535664,0.06950414623807853
2024-10-21,0.05053769780948734,0.09657845636249317
2024-10-22,0.05522983282187111,0.13201369295465096
2024-10-23,0.05462198915904542,0.12491216500150772
2024-10-24,0.047274163487557225,0.12950805729878048
2024-10-25,0.025232070363329948,0.12838835413027208
2024-10-26,-0.0031100684270622494,0.1359171130153586
2024-10-27,-0.01768083133440213,0.15012894222312573
2024-10-28,-0.021981333492093375,0.15271525945822886
2024-10-29,-3.517039942012545e-06,0.14613628907155615
2024-10-30,-0.0018398494137346752,0.14285324001089536
2024-10-31,-0.03137836709095013,0.11716116316408744
2024-11-01,-0.014459000258302572,0.10725515703220077
2024-11-02,0.01978198897340497,0.09211665813882276
2024-11-03,0.014937584476783259,0.09969064128105047
2024-11-04,0.015507851239682643,0.08759785266523344
2024-11-05,0.020076413166903888,0.051625164918961804
2024-11-06,-0.022426479406092485,0.15152794582057644
2024-11-07,-0.01784937542731091,0.14973529159236473
2024-11-08,-0.07597354022638121,0.17390357137666168
2024-11-09,-0.07355943498983353,0.17612931127542106
2024-11-10,-0.05405057913358232,0.18804153045012484
2024-11-11,0.018561481703010342,0.14585599999447557
2024-11-12,-0.021027712369509306,0.15963311332048968
2024-11-13,-0.04559525180072663,0.1621059564421977
2024-11-14,-0.06829392592945266,0.1795802006520208
2024-11-15,-0.048990419322661974,0.1895737232298034
2024-11-16,-0.03306582536496188,0.1676164553738052
2024-11-17,-0.03294431464600423,0.18085894109814293
2024-11-18,-0.043455957735215225,0.18537625090205542
2024-11-19,-0.05266973700029893,0.19360513623630635
2024-11-20,-0.040239274025330805,0.17789100654653753
2024-11-21,0.01022415187567133,0.17670048830458518
2024-11-22,0.013629077071505017,0.18147655486665598
2024-11-23,-0.006256392759847534,0.18392822914023263
2024-11-24,-0.0016303472968945728,0.17671347434706944
2024-11-25,0.050348878001583455,0.09096419764029182
2024-11-26,0.032066537282394295,0.10296723784569364
2024-11-27,0.02284610347915815,0.0939742140454986
2024-11-28,0.01579689787185054,0.10271579525884703
2024-11-29,0.0540264488410217,0.063339042965635
2024-11-30,0.05754744395651297,0.0694067204123221
2024-12-01,0.05896502890259197,0.06767293787950857
2024-12-02,0.021035539514553465,0.08288801938869819
2024-12-03,0.027175944572718685,0.07015144441253529
2024-12-04,0.010213332137961748,0.06023853984566897
2024-12-05,0.01469925902503479,0.05228571637388752
2024-12-06,0.03429811157651815,0.04214102335135371
2024-12-07,0.03674015435776964,0.04127642335768728
2024-12-08,0.07833848648180994,-0.018136507752860135
2024-12-09,0.06122384079967787,-0.03194199585711705
2024-12-10,0.05625932248685182,-0.015515198057947354
2024-12-11,0.043481863647697044,-0.02790454609889542
2024-12-12,0.04975183170774992,-0.037078150382550835
2024-12-13,0.04337796793231156,-0.04103975246790839
2024-12-14,0.04606957176173536,-0.04386668047963689
2024-12-15,0.07255809844430619,-0.05846684156015721
2024-12-16,0.07242711047643097,-0.04651825154678997
2024-12-17,0.06378888986480526,-0.03438728164575352
2024-12-18,0.05592462628960296,-0.03219366499723474
2024-12-19,0.06484870654129882,-0.03257375601089209
2024-12-20,0.054517868021971144,-0.037580905609718385
2024-12-21,0.05461730352621561,-0.039732779062955206
2024-12-22,0.055818600758430904,-0.041383127483753064
2024-12-23,0.058093750829132436,-0.03161349681673656
2024-12-24,0.07261907476017011,-0.04236506228473961
2024-12-25,0.07210545640697247,-0.041904999435833756
2024-12-26,0.019263172715703818,-0.008313880605528541
2024-12-27,0.0349439333687892,-0.02685524748269536
2024-12-28,0.022624727944093145,-0.02647646351816867
2024-12-29,0.04052587577628883,-0.03040325895572258
2024-12-30,0.06540538182696647,-0.020143360779151385
2024-12-31,0.0673868890435961,-0.04211611154585865
2025-01-01,0.06627403737064451,-0.043160600022772125
2025-01-02,0.052243799672045746,-0.02990661116243684
2025-01-03,0.04953667197728677,-0.02125563298899948
2025-01-04,0.05374866259544134,-0.014534297933003582
2025-01-05,0.09681839915191065,-0.1263982897967066
2025-01-06,0.11701944611469116,-0.150450608484481
2025-01-07,0.10569278665048874,-0.1421371428566593
2025-01-08,0.11445895708989105,-0.12637445473006914
2025-01-09,0.14431372799668815,-0.17636940282689054
2025-01-10,0.11942016443411892,-0.16840683489097943
2025-01-11,0.11693116443904059,-0.1632434295202966
2025-01-12,0.12143576185632657,-0.1533266980995282
2025-01-13,0.1345115942968123,-0.16448206021464556
2025-01-14,0.1592368438563725,-0.18911990058167025
2025-01-15,0.15727540877225285,-0.20117578116315124
2025-01-16,0.15992209443866653,-0.20175023394518316
2025-01-17,0.13709280388057424,-0.15831876630942876
2025-01-18,0.14531518243397465,-0.1709657546803791
2025-01-19,0.14204300031091277,-0.17525887273359722
2025-01-20,0.10083372515675197,-0.17928525687119495
2025-01-21,0.10835299776802734,-0.20082154616101694
2025-01-22,0.14461294051742474,-0.21359791687985108
2025-01-23,0.1422263661418844,-0.21383873069742687
2025-01-24,0.09574765961403348,-0.143724769234075
2025-01-25,0.10818220243624697,-0.15846433010963648
2025-01-26,0.11119008964566038,-0.15947593578129715
2025-01-27,0.11259716306653564,-0.1610360552839417
2025-01-28,0.08910860119271372,-0.14972976658820183
2025-01-29,0.06270599665558815,-0.13112396008264787
2025-01-30,0.06658386942012788,-0.1337995571574845
2025-01-31,0.09693539637719657,-0.11708877751603194
2025-02-01,0.1081550526487387,-0.1513839019279908
2025-02-02,0.14221325897550052,-0.12680007494916032
2025-02-03,0.13930701839183693,-0.13998834233217358
2025-02-04,0.09267944395297696,-0.0987467278615778
2025-02-05,0.10156237581118076,-0.10256115996432173
2025-02-06,0.09605733525699847,-0.10267356426996394
2025-02-07,0.10323255266701671,-0.07705325783391315
2025-02-08,0.09952387418282338,-0.08052450951440239
2025-02-09,0.1207845725198808,-0.06895821121728206
2025-02-10,0.12413692228067477,-0.06741808094136512
2025-02-11,0.12301872893458103,-0.06667965096671241
2025-02-12,0.10200152921924742,-0.061181144949188755
2025-02-13,0.05503265026010788,-0.05461265551362711
2025-02-14,0.06747938301400254,-0.06718894392665388
2025-02-15,0.06800394656407863,-0.06591519238604295
2025-02-16,0.06963369981408928,-0.05284049581394374
2025-02-17,0.06538128364433461,-0.04732983792453731
2025-02-18,0.06754039962231582,-0.0472386581904298
2025-02-19,0.06352246902224963,-0.05789195322545999
2025-02-20,0.05546119401952503,-0.04400474946272833
2025-02-21,0.04590508454121603,-0.048504932254415496
2025-02-22,0.06504776568192418,-0.0311640152162372
2025-02-23,0.07407751008379788,-0.04087430988062229
2025-02-24,0.10484089869353026,-0.08035667262774732
2025-02-25,0.08904037069982405,-0.08112356377886244
2025-02-26,0.032057977674330995,-0.08157305510040594
2025-02-27,0.018722604172682213,-0.0788634798795835
2025-02-28,0.024853132102800175,-0.07948868790848747
2025-03-01,0.052189865018122256,-0.07882005404880993
2025-03-02,0.08361540514878023,-0.1670594064488116
2025-03-03,0.18934426734945403,-0.2976645601425833
2025-03-04,0.19631566944565854,-0.2954175873287136
2025-03-05,0.18012539095449437,-0.29577268878816876
2025-03-06,0.18092505607188997,-0.28656782615395965
2025-03-07,0.1385362532809302,-0.24330437337369892
2025-03-08,0.14934509542660512,-0.24953578048173755
2025-03-09,0.15549493534374845,-0.2776019223344181
2025-03-10,0.14651794518348327,-0.25798242667438853
2025-03-11,0.13523384415057432,-0.2665430817367668
2025-03-12,0.1313801794258486,-0.2593998096225223
2025-03-13,0.14504599074004113,-0.27144289139801075
2025-03-14,0.1650634231876184,-0.2878673375910367
2025-03-15,0.15304252017372857,-0.3194817840372135
2025-03-16,0.1467724096404097,-0.31683030615569635
2025-03-17,0.1573368782624982,-0.32461419452766277
2025-03-18,0.1815815029443981,-0.3790045136921553
2025-03-19,0.1451699714778274,-0.3507489701232127
2025-03-20,0.11287429233680653,-0.3314936150204246
2025-03-21,0.10874251729398329,-0.33393852008259495
2025-03-22,0.09579547200875595,-0.31487127321772507
2025-03-23,0.05196145045077126,-0.2997462538617196
2025-03-24,0.05374338848087338,-0.2958405843901235
2025-03-25,0.06004478423762181,-0.29745839211096936
2025-03-26,0.05978778757082571,-0.29794118094474836
2025-03-27,0.06996396167726869,-0.2956495271486544
2025-03-28,0.05720719239012476,-0.2997521433955316
2025-03-29,0.03369167815286683,-0.27266776113452446
2025-03-30,0.046897335811553156,-0.2824898070184948
2025-03-31,0.04320497550231273,-0.27051624871090335
2025-04-01,0.030168588695977928,-0.31211136898610825
2025-04-02,0.03650749933784561,-0.3318915830671175
2025-04-03,0.026275635061904706,-0.3525187939688381
2025-04-04,0.017897455569233407,-0.3288965294094047
2025-04-05,0.024830002007596108,-0.35157720724805386
2025-04-06,0.007288930012560312,-0.28812503026350667
2025-04-07,0.0015858371616687234,-0.2888552866631784
2025-04-08,0.02430236552943912,-0.30077260226159214
2025-04-09,0.055602612231675605,-0.32968805918911553
2025-04-10,0.06090245353056687,-0.33919899738996945
2025-04-11,0.039170387141052955,-0.32818508213837494
2025-04-12,0.042029342599518724,-0.3399790553330811
2025-04-13,0.05842689521725419,-0.3474365857273629
2025-04-14,0.05937432184080804,-0.3458788841118412
2025-04-15,0.05572461627746286,-0.34358237195409996
2025-04-16,0.051974471092003025,-0.34474191537527293
2025-04-17,0.049587505219027224,-0.34856064620916727
2025-04-18,0.04711268279699746,-0.34890377118158006
2025-04-19,0.044136378222245996,-0.34770167765021653
2025-04-20,0.05069955253648426,-0.3415319018556327
2025-04-21,0.06149326218903018,-0.33847729009352406
2025-04-22,0.035546038524842984,-0.23873561783250122
2025-04-23,0.040424321939952365,-0.23871606061956144
2025-04-24,0.03856605125461367,-0.2372949800632852
2025-04-25,0.06716961299427002,-0.24859988292444707
2025-04-26,0.0656252114889815,-0.23817325673672868
2025-04-27,0.10592939023680435,-0.2387113784508676
2025-04-28,0.10823766899931724,-0.23794803751182728
2025-04-29,0.10876052706820721,-0.23912506948011386
2025-04-30,0.08495178242947492,-0.23120102875848786
2025-05-01,0.06519604351630992,-0.1702426923810977
2025-05-02,-0.015211542889191115,-0.05512648175500543
2025-05-03,-0.023827300993022958,-0.05088374014629553
2025-05-04,-0.018601625575211684,-0.030309757052576353
2025-05-05,-0.023722852105707216,-0.017546628660453048
2025-05-06,0.01480891031382725,-0.06798981568474761
2025-05-07,0.016533667705011766,-0.06987470703286304
2025-05-08,-0.0256086351999327,-0.01983472143253381
2025-05-09,-0.0647043344548574,-0.026601700572601483
2025-05-10,-0.07651277539799452,-0.007069231034399171
2025-05-11,-0.08115121901080471,-0.009196366401506688
2025-05-12,-0.08369784038510487,-0.004315321839702675
2025-05-13,-0.0904636146465047,0.0014231195400107323
2025-05-14,-0.08405675754042552,-0.005285247569277018
2025-05-15,-0.08154152009745157,0.012919411773934035
2025-05-16,-0.09225421427371984,0.021916504852733103
2025-05-17,-0.09629753320791734,0.020905451014958328
2025-05-18,-0.1162111543827234,0.033697177927174096
2025-05-19,-0.08983710419674082,0.035351261460520984
2025-05-20,-0.08825953372694627,0.038522979364754614
2025-05-21,-0.05046612247135752,0.035747898789547476
2025-05-22,-0.039440672879049544,0.037493862683517315
2025-05-23,-0.05603894167208269,0.028248670679228028
2025-05-24,-0.05608864006662508,0.02641104516630003
2025-05-25,-0.05633521303895289,0.03481009826390878
2025-05-26,-0.05601709419389625,0.03438541927208115
2025-05-27,-0.0392431169059106,0.04795531714734708
2025-05-28,0.011528343235991032,0.003834576888764164
2025-05-29,-0.0347807200868636,0.011583685212674319
2025-05-30,-0.02893607952015389,0.021625599347813166
2025-05-31,-0.01046979332697837,0.04151766355091327
2025-06-01,-0.025514011668555627,0.13368113756796227
2025-06-02,-0.0229445504944073,0.1373048041080187
2025-06-03,-0.018141570736162523,0.12740039676010265
2025-06-04,-0.007257582453217664,0.1348090451599438
2025-06-05,-0.0010577970089583502,0.06900928449929103
2025-06-06,0.007246731603449917,0.06683155208127399
2025-06-07,-0.029289284195158246,0.08177613337779402
2025-06-08,-0.07267817240996924,0.1613116181004268
2025-06-09,-0.12299635641671595,0.14839392293623893
2025-06-10,-0.09674064024035024,0.12419397259730526
2025-06-11,-0.11867204984139705,0.149000098813263
2025-06-12,-0.0897916504561549,0.1786840549173365
2025-06-13,-0.09099265067282976,0.1853963731150944
2025-06-14,-0.10262812911740198,0.1817541466391585
2025-06-15,-0.10242395296181885,0.1829119609479031
2025-06-16,-0.10907519705438484,0.1862784075163977
2025-06-17,-0.10278010907266077,0.21809644639141204
2025-06-18,-0.0997824821245227,0.2131578798039353
2025-06-19,-0.1053316186911514,0.216148245285515
2025-06-20,-0.09453448067962546,0.18693983008199208
2025-06-21,-0.06255355883811567,0.088011408812686
2025-06-22,-0.07370982033612807,0.1147508896854449
2025-06-23,-0.09834827537927268,0.11020527645876012
2025-06-24,-0.10291571435461391,0.11055191512107064
2025-06-25,-0.11385455420290157,0.12140769181959593
2025-06-26,-0.12299400026244899,0.11809641829783757
2025-06-27,-0.12226591100679556,0.11533194316272741
2025-06-28,-0.12875358775818932,0.11530382571076725
2025-06-29,-0.1274776871204302,0.11840416260568432
2025-06-30,-0.13858893926853294,0.1269046471748572
2025-07-01,-0.13873038380582814,0.1320191348637196
2025-07-02,-0.15906527101587187,0.15142620615814367
2025-07-03,-0.15256307875842542,0.13369345513315298
2025-07-04,-0.14777038532038364,0.12960823102023022
2025-07-05,-0.1659949845696157,0.16041816941045162
2025-07-06,-0.17152234771021582,0.16124067066299685
2025-07-07,-0.17574774596591758,0.15285384175451316
2025-07-08,-0.17427778341359124,0.14817658350800797
2025-07-09,-0.19897360893568486,0.17162102148118694
2025-07-10,-0.1866709179976775,0.18224372616772774
2025-07-11,-0.20505526754409042,0.1737911129827055
2025-07-12,-0.2239679933230617,0.191021705505124
2025-07-13,-0.23187340801318326,0.19106147503551058
2025-07-14,-0.23493197972944552,0.19256799487581633
2025-07-15,-0.2426566060113199,0.16688250290943799
2025-07-16,-0.2397025996992365,0.1466989917311789
2025-07-17,-0.19389576294730101,0.11568027640058344
2025-07-18,-0.1855430786187355,0.09803341668629145
2025-07-19,-0.18618866408675228,0.09337855045188533
2025-07-20,-0.25323351974384867,0.09900918452586054
2025-07-21,-0.2460614984169792,0.09106443908324395
2025-07-22,-0.24956152524596403,0.10845552964058257
2025-07-23,-0.2608086631559073,0.12579241405282113
2025-07-24,-0.25946090529891663,0.10885431126473318
2025-07-25,-0.255457468375943,0.09919937990416045
2025-07-26,-0.25889018106544054,0.09412200282438439
2025-07-27,-0.26182513243410394,0.09752893523828296
2025-07-28,-0.21424128230321673,0.06900154534692604
2025-07-29,-0.21714349808423844,0.06361965384732725
2025-07-30,-0.22298973678798503,0.0567425879422244
2025-07-31,-0.20851576257936166,0.05923948647604005
2025-08-01,-0.2361996442613247,0.06367429746328769
2025-08-02,-0.24674153573381918,0.07431183136361244
2025-08-03,-0.23769346141257852,0.07645406022937654
2025-08-04,-0.24420785200831474,0.09643521908519365
2025-08-05,-0.2598220478079216,0.12125330764398592
2025-08-06,-0.26594651164902844,0.11585538628321662
2025-08-07,-0.27852414732088016,0.13762566439760587
2025-08-08,-0.26523848968072544,0.19524001416271242
2025-08-09,-0.26935746059575566,0.2115695515410478
2025-08-10,-0.25629963488909563,0.22115806923733042
2025-08-11,-0.29286226723378384,0.226246376355908
2025-08-12,-0.27097352670785935,0.22086360568007923
2025-08-13,-0.28491763256847047,0.24108945454207506
2025-08-14,-0.2402284765140966,0.2183302272786118
2025-08-15,-0.2367317220096806,0.22286907774119022
2025-08-16,-0.24029539163890684,0.1855215088422344
2025-08-17,-0.23999886886910074,0.18792345434962082
2025-08-18,-0.23315742960373134,0.18449987349614413
2025-08-19,-0.2673455939388752,0.24580350420046787
2025-08-20,-0.2634765858764155,0.243404477478036
2025-08-21,-0.2440579042959993,0.20990483324422426
2025-08-22,-0.23012079042485073,0.19491078028208186
2025-08-23,-0.2292031258122298,0.18786279870490874
2025-08-24,-0.20131068118195217,0.14742232448719716
2025-08-25,-0.21624779433885466,0.19787082539793685
2025-08-26,-0.2278837451127104,0.2122348762028103
2025-08-27,-0.22128148269679132,0.21659958006724522
2025-08-28,-0.22945130187931845,0.21561671803492538
2025-08-29,-0.2048061536080444,0.19640811544722586
2025-08-30,-0.20230828814343607,0.1881971910885687
2025-08-31,-0.18800519236784302,0.17051292153894596
2025-09-01,-0.1985524439327589,0.1835185819792191
2025-09-02,-0.19785813915916772,0.19124268629353142
2025-09-03,-0.17529284835111691,0.18189342351161283
2025-09-04,-0.16941758006611204,0.17908345355156266
2025-09-05,-0.15410401831129164,0.17548546462366607
2025-09-06,-0.15264930969584353,0.1804514395752284
2025-09-07,-0.13748568204035558,0.15891693269748988
2025-09-08,-0.14416680070069132,0.15078586094980267
2025-09-09,-0.15107974796880602,0.16254328431779588
2025-09-10,-0.1549134936176762,0.16442375904739212
2025-09-11,-0.146355284743175,0.15707493779014367
2025-09-12,-0.11417972363856091,0.1385623128436137
2025-09-13,-0.09957960396447897,0.153618921112211
2025-09-14,-0.10020525237419899,0.1795627575976018
2025-09-15,-0.0982368373966477,0.17775559656077286
2025-09-16,-0.10284430749071728,0.18204579139700033
2025-09-17,-0.10731759905605587,0.18229109515419187
2025-09-18,-0.11320630870798462,0.18388212381291222
2025-09-19,-0.10694165283719433,0.17035397195914934
2025-09-20,-0.094987454623731,0.16682410502752548
2025-09-21,-0.08554494247697302,0.15534609152546233
2025-09-22,-0.10188730852734582,0.17971428076034823
2025-09-23,-0.0992793953110586,0.1926788757434167
2025-09-24,-0.10002685551682443,0.20560874824852082
2025-09-25,-0.1570986050693544,0.25265115262753696
2025-09-26,-0.1630862361156949,0.26799977803958025
2025-09-27,-0.17359820438166407,0.28090085119168834
2025-09-28,-0.19675323034774475,0.2805703617579478
2025-09-29,-0.15421259944593468,0.2689968201703923
2025-09-30,-0.12627835315580965,0.25956379241617666
2025-10-01,-0.07109400034884819,0.23504517579743647
2025-10-02,-0.05736180097425274,0.20454276410547348
2025-10-03,-0.04459004101719352,0.18141748108163705
2025-10-04,-0.040993385263546886,0.16274780538101447
2025-10-05,-0.04140446425627157,0.1660410472072316
2025-10-06,-0.013422755881495432,0.12749738775515357
2025-10-07,-0.001561896593226335,0.093466330585086
2025-10-08,0.0004816009684736527,0.09700217607306708
2025-10-09,-0.000516627190750426,0.08829424154301205
2025-10-10,0.036453539942334294,0.04961790694354332
2025-10-11,0.024418579454786173,0.047757059444968435
2025-10-12,0.030292673316951253,0.02239466550018363
2025-10-13,0.009847235101567682,0.03086093369130176
2025-10-14,0.015619822228836792,0.022357657218936514
