Date,0,1
2021-02-04,0.6813556209310141,0.318644379068986
2021-02-05,0.2264387720135018,0.7735612279864981
2021-02-06,0.18520013532584917,0.8147998646741509
2021-02-07,0.6095317749909017,0.3904682250090983
2021-02-08,1.801171777620074e-38,0.9999999999999997
2021-02-09,0.5436658381452867,0.4563341618547132
2021-02-10,0.1829045009045604,0.8170954990954393
2021-02-11,2.5994764243084028e-05,0.9999740052357566
2021-02-12,0.5276412697092442,0.4723587302907558
2021-02-13,0.749955471825876,0.250044528174124
2021-02-14,0.21281192915714067,0.7871880708428594
2021-02-15,0.5223987388979139,0.47760126110208617
2021-02-16,0.3785870772885217,0.6214129227114785
2021-02-17,0.00030855355187506023,0.9996914464481248
2021-02-18,0.521922790106741,0.4780772098932592
2021-02-19,1.9108685951948622e-07,0.9999998089131408
2021-02-20,0.5590974510237451,0.44090254897625486
2021-02-21,0.4097367652543744,0.5902632347456255
2021-02-22,0.0006909384493376151,0.9993090615506625
2021-02-23,2.7831990161732736e-11,0.9999999999721678
2021-02-24,0.36330435522015403,0.6366956447798462
2021-02-25,0.0027944020572905027,0.9972055979427096
2021-02-26,0.416404267563701,0.583595732436299
2021-02-27,0.7397287469187981,0.26027125308120197
2021-02-28,0.5948358499293801,0.40516415007062023
2021-03-01,5.732466577326071e-11,0.9999999999426754
2021-03-02,0.21680301938272825,0.7831969806172716
2021-03-03,0.012813047676117115,0.9871869523238831
2021-03-04,0.02990755036587219,0.9700924496341278
2021-03-05,0.5470608569846541,0.45293914301534594
2021-03-06,0.7857199904467324,0.2142800095532677
2021-03-07,0.021122114777426343,0.9788778852225737
2021-03-08,0.3236392188096758,0.6763607811903242
2021-03-09,0.005153190924541879,0.994846809075458
2021-03-10,0.28727047470795797,0.7127295252920419
2021-03-11,0.1437042254931169,0.856295774506883
2021-03-12,0.6012822684961593,0.3987177315038407
2021-03-13,3.182545591890594e-05,0.9999681745440813
2021-03-14,0.09999603256574577,0.9000039674342544
2021-03-15,0.0004723366069875242,0.9995276633930126
2021-03-16,0.40424796889237935,0.5957520311076205
2021-03-17,0.0897164178205702,0.9102835821794295
2021-03-18,0.43641280798994264,0.5635871920100576
2021-03-19,0.7137144091423481,0.2862855908576518
2021-03-20,0.8323403894280923,0.16765961057190754
2021-03-21,0.8003005401994139,0.19969945980058615
2021-03-22,0.006995810496753359,0.9930041895032464
2021-03-23,0.5624229847340334,0.4375770152659667
2021-03-24,0.13525270044257093,0.8647472995574295
2021-03-25,0.38879336557466293,0.611206634425337
2021-03-26,4.032901124029338e-05,0.9999596709887594
2021-03-27,0.4212091467926325,0.5787908532073673
2021-03-28,0.7456754838141981,0.254324516185802
2021-03-29,0.27454864540727897,0.7254513545927211
2021-03-30,0.4407426923523655,0.5592573076476345
2021-03-31,0.7521685309852146,0.24783146901478526
2021-04-01,0.8386672763734218,0.16133272362657797
2021-04-02,0.855365715329711,0.14463428467028888
2021-04-03,0.4165873839149928,0.5834126160850074
2021-04-04,0.5085656079065015,0.4914343920934982
2021-04-05,0.7611399646195005,0.2388600353804996
2021-04-06,0.7636410805281029,0.23635891947189702
2021-04-07,0.16036239316462897,0.8396376068353708
2021-04-08,0.02706614973944776,0.9729338502605523
2021-04-09,0.5823321663115512,0.41766783368844895
2021-04-10,0.3909914611883546,0.6090085388116455
2021-04-11,0.7097238553496499,0.29027614465035023
2021-04-12,0.8226717394813015,0.17732826051869865
2021-04-13,0.00062829640619491,0.9993717035938046
2021-04-14,0.547684884537997,0.45231511546200287
2021-04-15,0.7807059573867522,0.21929404261324767
2021-04-16,0.4674966078732435,0.5325033921267565
2021-04-17,0.6579266839160878,0.3420733160839124
2021-04-18,6.21113564159321e-06,0.9999937888643586
2021-04-19,0.5244233934320265,0.4755766065679734
2021-04-20,0.6875767881257615,0.3124232118742383
2021-04-21,0.02751270794432257,0.9724872920556773
2021-04-22,0.02722445027180444,0.9727755497281959
2021-04-23,0.4835434238357021,0.5164565761642981
2021-04-24,0.5420952921327531,0.4579047078672471
2021-04-25,0.5551746730915981,0.44482532690840193
2021-04-26,1.2643338498972866e-11,0.9999999999873563
2021-04-27,0.3487577007925734,0.6512422992074269
2021-04-28,0.7141086678229291,0.28589133217707097
2021-04-29,0.571809997618855,0.428190002381145
2021-04-30,7.254141886942723e-07,0.9999992745858117
2021-05-01,0.5675752848669543,0.43242471513304587
2021-05-02,0.5717461160706991,0.4282538839293007
2021-05-03,0.7459278061066438,0.2540721938933563
2021-05-04,6.115461903424272e-05,0.9999388453809654
2021-05-05,4.7315886290814726e-07,0.9999995268411369
2021-05-06,0.37734248466040854,0.6226575153395912
2021-05-07,0.5620122576816452,0.43798774231835474
2021-05-08,0.4248406186850289,0.5751593813149711
2021-05-09,0.7022355759714087,0.2977644240285912
2021-05-10,0.07404020228615192,0.9259597977138482
2021-05-11,0.45965173443670276,0.5403482655632971
2021-05-12,1.8007103233191165e-19,0.9999999999999997
2021-05-13,0.48284404259897046,0.5171559574010295
2021-05-14,0.7601024756036165,0.23989752439638354
2021-05-15,0.0003233954843258824,0.9996766045156742
2021-05-16,0.5452279700461007,0.45477202995389926
2021-05-17,0.00020058030112618365,0.999799419698874
2021-05-18,0.4441937897342189,0.555806210265781
2021-05-19,8.626907045023902e-21,0.9999999999999998
2021-05-20,5.0416157624461e-12,0.9999999999949587
2021-05-21,1.7892900293294672e-08,0.9999999821070995
2021-05-22,0.5432170016845427,0.4567829983154573
2021-05-23,4.925713728209492e-06,0.999995074286272
2021-05-24,1.2993297971222522e-14,0.9999999999999869
2021-05-25,0.533483045446237,0.46651695455376285
2021-05-26,0.47317256019747594,0.5268274398025241
2021-05-27,0.5008434139728707,0.4991565860271294
2021-05-28,1.097080408253477e-05,0.9999890291959173
2021-05-29,0.12101909772249032,0.8789809022775098
2021-05-30,0.1329538200003843,0.8670461799996154
2021-05-31,0.007361161621474408,0.9926388383785258
2021-06-01,0.39211116897587883,0.6078888310241214
2021-06-02,0.3813756738606162,0.6186243261393837
2021-06-03,0.022120312525073047,0.9778796874749267
2021-06-04,0.00024101463769600167,0.9997589853623042
2021-06-05,0.047787271916278594,0.9522127280837216
2021-06-06,0.5437600166181136,0.45623998338188665
2021-06-07,0.00013013023174678596,0.9998698697682529
2021-06-08,0.5657930178508406,0.4342069821491593
2021-06-09,8.812110447170975e-15,0.9999999999999916
2021-06-10,0.39145150250810246,0.6085484974918973
2021-06-11,0.5640453307240931,0.43595466927590676
2021-06-12,0.013158591313798238,0.9868414086862016
2021-06-13,1.789249830273874e-11,0.9999999999821075
2021-06-14,0.13968489732398248,0.8603151026760177
2021-06-15,0.6223486418851776,0.3776513581148223
2021-06-16,0.006637063858353534,0.9933629361416463
2021-06-17,0.5387812722871682,0.46121872771283173
2021-06-18,0.0005379976436062431,0.9994620023563936
2021-06-19,0.5567984565855255,0.4432015434144745
2021-06-20,0.7858533372694027,0.21414666273059743
2021-06-21,1.0124579210063076e-13,0.9999999999998987
2021-06-22,0.18661157660988642,0.8133884233901134
2021-06-23,0.0514533937826475,0.9485466062173523
2021-06-24,0.16858887782263685,0.8314111221773632
2021-06-25,1.0685528358088847e-08,0.999999989314472
2021-06-26,0.37811073271613493,0.621889267283865
2021-06-27,1.0349052758303943e-06,0.9999989650947243
2021-06-28,0.5472566840565317,0.4527433159434683
2021-06-29,0.04319915315389597,0.956800846846104
2021-06-30,0.2821825899941952,0.7178174100058047
2021-07-01,0.02868891635930837,0.9713110836406919
2021-07-02,0.5227819328396041,0.4772180671603958
2021-07-03,0.4820025076093568,0.5179974923906432
2021-07-04,0.5891882767853905,0.41081172321460935
2021-07-05,0.03380207301078554,0.9661979269892145
2021-07-06,0.4510626717424153,0.5489373282575847
2021-07-07,0.6972897073516943,0.30271029264830573
2021-07-08,0.3818037268517583,0.618196273148242
2021-07-09,0.2696928258308842,0.7303071741691157
2021-07-10,0.655958921199824,0.34404107880017587
2021-07-11,0.5774839757164663,0.42251602428353363
2021-07-12,0.2462469889348941,0.7537530110651062
2021-07-13,0.576618113897899,0.4233818861021012
2021-07-14,0.7880662877113421,0.21193371228865798
2021-07-15,0.3232285225770903,0.6767714774229097
2021-07-16,0.6445496347612781,0.35545036523872187
2021-07-17,0.8082356269772519,0.19176437302274799
2021-07-18,0.8315869141145616,0.1684130858854383
2021-07-19,0.3760332686641504,0.6239667313358497
2021-07-20,0.16021233300316906,0.8397876669968309
2021-07-21,5.214887246871164e-07,0.9999994785112754
2021-07-22,0.5425190576780172,0.45748094232198294
2021-07-23,0.06773505943742067,0.9322649405625794
2021-07-24,0.3247044629765872,0.6752955370234125
2021-07-25,0.17926721414352292,0.8207327858564771
2021-07-26,0.0006367520323647387,0.9993632479676351
2021-07-27,0.000557598430009276,0.9994424015699905
2021-07-28,0.4256016412425503,0.5743983587574496
2021-07-29,0.747006812510776,0.2529931874892239
2021-07-30,0.002079368819953818,0.9979206311800461
2021-07-31,0.4451689194396494,0.5548310805603505
2021-08-01,0.05872677455835447,0.9412732254416455
2021-08-02,0.37480913209120764,0.6251908679087922
2021-08-03,0.31721003247366075,0.6827899675263394
2021-08-04,0.02813645982096347,0.9718635401790365
2021-08-05,0.1549149406687346,0.8450850593312654
2021-08-06,0.005708231768610848,0.9942917682313893
2021-08-07,0.01987543277432821,0.9801245672256717
2021-08-08,0.40553973513363284,0.594460264866367
2021-08-09,0.0004807381875364323,0.9995192618124635
2021-08-10,0.3992080530135876,0.6007919469864123
2021-08-11,0.738102062341888,0.261897937658112
2021-08-12,0.5110401660965841,0.488959833903416
2021-08-13,1.7761846560829104e-06,0.9999982238153443
2021-08-14,0.4415589478315121,0.5584410521684878
2021-08-15,0.7521752920972615,0.24782470790273842
2021-08-16,0.6161134493434552,0.38388655065654465
2021-08-17,0.3613968112940867,0.6386031887059131
2021-08-18,0.7215012861466202,0.2784987138533798
2021-08-19,0.04633163483853425,0.9536683651614658
2021-08-20,0.0005051101039302223,0.9994948898960699
2021-08-21,0.5242690390648533,0.47573096093514683
2021-08-22,0.7438318222749635,0.2561681777250365
2021-08-23,0.8321850137561111,0.16781498624388896
2021-08-24,0.17110084570466985,0.8288991542953299
2021-08-25,0.24095908937337382,0.7590409106266263
2021-08-26,0.030605320460899595,0.9693946795391002
2021-08-27,0.008075884715015882,0.9919241152849839
2021-08-28,0.5681011189256346,0.43189888107436547
2021-08-29,0.7913653981041779,0.2086346018958222
2021-08-30,0.18040190289684782,0.8195980971031522
2021-08-31,0.6503879550058536,0.3496120449941466
2021-09-01,0.14908354946594193,0.8509164505340581
2021-09-02,0.5800099031545382,0.41999009684546196
2021-09-03,0.6981237605239086,0.3018762394760913
2021-09-04,0.8276259742189227,0.17237402578107724
2021-09-05,0.1805116424348886,0.8194883575651113
2021-09-06,0.47282850757555317,0.5271714924244469
2021-09-07,1.7779002513721154e-13,0.9999999999998219
2021-09-08,0.42697670707609975,0.5730232929239003
2021-09-09,0.7253459408261815,0.27465405917381847
2021-09-10,0.27288531223678925,0.7271146877632109
2021-09-11,0.6625700675256403,0.3374299324743599
2021-09-12,0.6391922711985576,0.36080772880144246
2021-09-13,0.5165873334215323,0.4834126665784677
2021-09-14,0.011681229941813424,0.9883187700581864
2021-09-15,0.2583533977004222,0.7416466022995778
2021-09-16,0.6517423401310027,0.34825765986899715
2021-09-17,0.7702773490238053,0.22972265097619476
2021-09-18,0.6307482433600069,0.3692517566399933
2021-09-19,0.589637216593403,0.41036278340659726
2021-09-20,1.3964905858790912e-09,0.9999999986035097
2021-09-21,0.00255145901123071,0.9974485409887693
2021-09-22,4.248679079982229e-06,0.9999957513209204
2021-09-23,0.11273555860427568,0.8872644413957244
2021-09-24,0.009144457775324565,0.9908555422246752
2021-09-25,0.5697117446429799,0.43028825535702003
2021-09-26,0.7295337769015322,0.2704662230984677
2021-09-27,0.5965097216496676,0.4034902783503321
2021-09-28,0.3538018236810395,0.6461981763189607
2021-09-29,0.6273475570478853,0.3726524429521145
2021-09-30,0.0029646148493240264,0.9970353851506757
2021-10-01,2.7883674457069297e-11,0.9999999999721162
2021-10-02,0.5277930672206081,0.4722069327793918
2021-10-03,0.7288497499929358,0.2711502500070642
2021-10-04,0.6697318544916382,0.3302681455083617
2021-10-05,0.010590245096391733,0.9894097549036084
2021-10-06,1.04602428555276e-06,0.9999989539757143
2021-10-07,0.1592756262987411,0.8407243737012592
2021-10-08,0.6390497419186586,0.36095025808134157
2021-10-09,0.6409496582647132,0.35905034173528677
2021-10-10,0.808578730494154,0.19142126950584593
2021-10-11,0.011765623064379609,0.9882343769356201
2021-10-12,0.22356812032568008,0.7764318796743199
2021-10-13,0.31239874105191623,0.6876012589480838
2021-10-14,0.706422878254943,0.2935771217450571
2021-10-15,3.991346845306317e-06,0.9999960086531544
2021-10-16,0.4919436421449209,0.5080563578550792
2021-10-17,0.7091433482705909,0.2908566517294091
2021-10-18,0.8078642938131746,0.19213570618682563
2021-10-19,0.1792748518485435,0.8207251481514563
2021-10-20,0.22839802006656426,0.7716019799334359
2021-10-21,0.0005916567184462275,0.9994083432815536
2021-10-22,0.23491026511106577,0.7650897348889342
2021-10-23,0.5962881746010535,0.4037118253989465
2021-10-24,0.7781248603359056,0.22187513966409445
2021-10-25,0.21030746491655217,0.7896925350834477
2021-10-26,0.022600925727041813,0.977399074272958
2021-10-27,0.11222600634471394,0.8877739936552859
2021-10-28,0.05236173714775894,0.9476382628522411
2021-10-29,0.19690214160484862,0.8030978583951514
2021-10-30,0.6460385284941292,0.3539614715058708
2021-10-31,0.7819350589437797,0.21806494105622026
2021-11-01,0.8419291430644386,0.15807085693556142
2021-11-02,0.17910366046924867,0.8208963395307511
2021-11-03,0.6455599914503956,0.3544400085496044
2021-11-04,0.5129671298583569,0.4870328701416432
2021-11-05,0.7639708166058217,0.23602918339417847
2021-11-06,0.8292804200435389,0.17071957995646128
2021-11-07,0.4116335110080348,0.5883664889919653
2021-11-08,3.490494078793782e-05,0.9999650950592117
2021-11-09,0.5238461762027556,0.47615382379724436
2021-11-10,0.2917454476984848,0.7082545523015151
2021-11-11,0.6991835829152719,0.30081641708472795
2021-11-12,0.7714710353896207,0.2285289646103792
2021-11-13,0.8382857237375708,0.16171427626242915
2021-11-14,0.7725475960883625,0.22745240391163768
2021-11-15,0.40632109154279034,0.5936789084572096
2021-11-16,0.0023779054759208683,0.9976220945240794
2021-11-17,0.5619922269102998,0.4380077730897
2021-11-18,0.001264521953170587,0.9987354780468296
2021-11-19,0.30628379166693065,0.6937162083330695
2021-11-20,0.26660426758637207,0.7333957324136278
2021-11-21,0.5403623343214464,0.4596376656785537
2021-11-22,0.04793372182005532,0.9520662781799446
2021-11-23,0.2795109658474405,0.7204890341525594
2021-11-24,0.40007346101588315,0.599926538984117
2021-11-25,0.5579478038057488,0.4420521961942513
2021-11-26,0.00011341940778886608,0.9998865805922112
2021-11-27,0.24859564810792176,0.7514043518920784
2021-11-28,0.014317346223686784,0.9856826537763133
2021-11-29,0.5144099984735238,0.48559000152647613
2021-11-30,0.6851739971000416,0.3148260028999585
2021-12-01,0.8183744897235193,0.18162551027648066
2021-12-02,0.800183321918692,0.19981667808130787
2021-12-03,0.009180824454160061,0.9908191755458395
2021-12-04,7.057555145573253e-08,0.9999999294244483
2021-12-05,0.560836334943171,0.43916366505682897
2021-12-06,0.4444371713409968,0.555562828659003
2021-12-07,0.7503080516250448,0.2496919483749554
2021-12-08,0.8374202005057458,0.1625797994942541
2021-12-09,0.0025472250330838544,0.9974527749669162
2021-12-10,0.5231352064832704,0.47686479351672956
2021-12-11,0.020941647527313024,0.979058352472687
2021-12-12,0.43686721792915373,0.5631327820708464
2021-12-13,4.155295159032589e-05,0.9999584470484096
2021-12-14,0.5656087254431793,0.43439127455682053
2021-12-15,0.008583121138465174,0.9914168788615348
2021-12-16,0.22097234692066814,0.7790276530793316
2021-12-17,0.16685536156260203,0.8331446384373978
2021-12-18,0.5257625933938487,0.47423740660615116
2021-12-19,0.7759437905036525,0.2240562094963477
2021-12-20,0.8430441308611066,0.15695586913889348
2021-12-21,0.04622290206809615,0.9537770979319036
2021-12-22,0.5704215434088517,0.4295784565911485
2021-12-23,0.025495857335706563,0.9745041426642935
2021-12-24,0.5816559901512816,0.41834400984871845
2021-12-25,0.7723715187015457,0.22762848129845414
2021-12-26,0.8265904883973105,0.17340951160268964
2021-12-27,0.8576510441688497,0.1423489558311503
2021-12-28,0.0007916277978458366,0.9992083722021541
2021-12-29,0.24279024927200546,0.7572097507279943
2021-12-30,0.5271650637602462,0.47283493623975353
2021-12-31,0.6063900024786145,0.39360999752138526
2022-01-01,0.2972838838888121,0.7027161161111878
2022-01-02,0.6757879394661082,0.3242120605338919
2022-01-03,0.6629637704673744,0.3370362295326256
2022-01-04,0.7612048506765047,0.23879514932349527
2022-01-05,0.009077637695744451,0.9909223623042552
2022-01-06,0.5224434990731017,0.4775565009268984
2022-01-07,0.10399740503507335,0.8960025949649268
2022-01-08,0.6083124523742506,0.3916875476257493
2022-01-09,0.7954491738634214,0.20455082613657877
2022-01-10,0.8518643661747765,0.1481356338252237
2022-01-11,0.6553940294234649,0.3446059705765351
2022-01-12,0.3630172295941331,0.6369827704058668
2022-01-13,0.2011542481978009,0.7988457518021991
2022-01-14,0.5756010098392805,0.4243989901607194
2022-01-15,0.7924422835383977,0.20755771646160237
2022-01-16,0.8517987588119289,0.14820124118807107
2022-01-17,0.7090779284676864,0.29092207153231386
2022-01-18,0.8274833648124174,0.1725166351875826
2022-01-19,0.7831731575114528,0.21682684248854742
2022-01-20,0.5348298524456099,0.4651701475543901
2022-01-21,7.644535969202534e-12,0.999999999992355
2022-01-22,0.029004051935448364,0.9709959480645516
2022-01-23,0.05311321491560003,0.9468867850843999
2022-01-24,0.5259349405828679,0.47406505941713223
2022-01-25,0.7471249318934978,0.25287506810650207
2022-01-26,0.8388669101884365,0.16113308981156332
2022-01-27,0.8432529919367263,0.15674700806327374
2022-01-28,0.7448662062256781,0.25513379377432177
2022-01-29,0.8067470651617755,0.19325293483822453
2022-01-30,0.8460434111739179,0.1539565888260822
2022-01-31,0.7826697257261842,0.21733027427381585
2022-02-01,0.8334138801682309,0.1665861198317691
2022-02-02,0.030517153808250888,0.9694828461917488
2022-02-03,0.5647946135572091,0.4352053864427911
2022-02-04,4.146423435702526e-15,0.9999999999999958
2022-02-05,0.5683101650333986,0.43168983496660146
2022-02-06,0.4824915047974546,0.5175084952025457
2022-02-07,0.15445688532535679,0.8455431146746433
2022-02-08,0.6176242138426921,0.38237578615730794
2022-02-09,0.7952488731898649,0.20475112681013488
2022-02-10,0.7344568216872095,0.2655431783127906
2022-02-11,0.4769236453765698,0.5230763546234304
2022-02-12,0.7580835358544247,0.24191646414557536
2022-02-13,0.8434975929827973,0.15650240701720286
2022-02-14,0.8358475515490117,0.16415244845098825
2022-02-15,0.024459950480554892,0.9755400495194453
2022-02-16,0.4683316999778024,0.5316683000221973
2022-02-17,8.816579673954261e-07,0.9999991183420328
2022-02-18,0.47563785379373985,0.52436214620626
2022-02-19,0.7606371625759728,0.2393628374240272
2022-02-20,0.0626879470770365,0.9373120529229634
2022-02-21,0.06498552487232663,0.9350144751276734
2022-02-22,0.09092728157133308,0.9090727184286671
2022-02-23,0.2358739245001323,0.764126075499868
2022-02-24,0.22643555103073792,0.773564448969262
2022-02-25,0.3471593645961595,0.6528406354038403
2022-02-26,0.716630164170218,0.2833698358297822
2022-02-27,0.1770057525792167,0.8229942474207833
2022-02-28,1.5040705204279155e-23,0.9999999999999997
2022-03-01,0.17239986387577855,0.8276001361242217
2022-03-02,0.5985247180735636,0.4014752819264364
2022-03-03,0.20085726530477685,0.7991427346952232
2022-03-04,5.058087686487283e-07,0.9999994941912318
2022-03-05,0.5390143843629883,0.46098561563701157
2022-03-06,0.4414667026493177,0.5585332973506825
2022-03-07,0.7122023821829262,0.2877976178170738
2022-03-08,0.6873377190370417,0.31266228096295845
2022-03-09,9.686437162337347e-08,0.9999999031356287
2022-03-10,0.00014249429711340106,0.9998575057028866
2022-03-11,0.4096539624771901,0.5903460375228101
2022-03-12,0.7372220350503313,0.2627779649496685
2022-03-13,0.460338790442005,0.5396612095579951
2022-03-14,0.009068751707980278,0.9909312482920197
2022-03-15,0.5341756753444709,0.4658243246555292
2022-03-16,0.016943758509766656,0.9830562414902333
2022-03-17,0.5659264373858828,0.4340735626141172
2022-03-18,0.5564281785624468,0.44357182143755325
2022-03-19,0.7476578260962866,0.2523421739037134
2022-03-20,0.6091647954219235,0.3908352045780764
2022-03-21,0.7979385066994368,0.20206149330056328
2022-03-22,0.32868395082489893,0.6713160491751011
2022-03-23,0.6213962992053479,0.37860370079465233
2022-03-24,0.4617194672773028,0.5382805327226973
2022-03-25,0.7192899886282376,0.2807100113717624
2022-03-26,0.8290435329234126,0.17095646707658751
2022-03-27,0.006346583740466891,0.9936534162595335
2022-03-28,0.5436577266618692,0.4563422733381309
2022-03-29,0.7604321126898204,0.23956788731017986
2022-03-30,0.820677646056874,0.17932235394312587
2022-03-31,0.3146906792708812,0.6853093207291188
2022-04-01,0.5490588805038485,0.45094111949615145
2022-04-02,0.7530680803719476,0.24693191962805242
2022-04-03,0.7777954956386672,0.22220450436133274
2022-04-04,0.8436955892687356,0.15630441073126455
2022-04-05,0.6390762293541241,0.360923770645876
2022-04-06,0.00586443893832903,0.9941355610616709
2022-04-07,0.5407240603155941,0.4592759396844057
2022-04-08,0.346498617680567,0.6535013823194328
2022-04-09,0.6421025967730773,0.35789740322692265
2022-04-10,0.7380605027628933,0.26193949723710663
2022-04-11,0.0002210223979843119,0.9997789776020154
2022-04-12,0.4184768887006354,0.5815231112993647
2022-04-13,0.34410942097537217,0.6558905790246277
2022-04-14,0.22015243375033977,0.7798475662496605
2022-04-15,0.5230306691155739,0.4769693308844263
2022-04-16,0.7747130375233376,0.22528696247666258
2022-04-17,0.7257202833217011,0.27427971667829865
2022-04-18,0.4094002914167302,0.5905997085832699
2022-04-19,0.5853565093225286,0.4146434906774715
2022-04-20,0.7937626832041795,0.20623731679582039
2022-04-21,0.6750519163363963,0.32494808366360356
2022-04-22,0.6481078353497004,0.3518921646502995
2022-04-23,0.8001964378600407,0.1998035621399592
2022-04-24,0.8541440280248613,0.14585597197513864
2022-04-25,0.5666660738837263,0.4333339261162738
2022-04-26,0.000929094716358298,0.9990709052836414
2022-04-27,0.1260823518208873,0.8739176481791125
2022-04-28,0.5135911322914891,0.4864088677085108
2022-04-29,0.295481228184376,0.7045187718156241
2022-04-30,0.3855876865839064,0.6144123134160936
2022-05-01,0.49597565939990307,0.504024340600097
2022-05-02,0.7685351636957374,0.23146483630426262
2022-05-03,0.6700158251330286,0.3299841748669713
2022-05-04,0.0053849469058073335,0.9946150530941926
2022-05-05,2.711527845552993e-07,0.9999997288472154
2022-05-06,0.44092934852882937,0.5590706514711705
2022-05-07,0.638659529119746,0.36134047088025384
2022-05-08,0.06775074994414425,0.9322492500558557
2022-05-09,9.176370600120797e-14,0.9999999999999083
2022-05-10,0.23292872200412387,0.7670712779958762
2022-05-11,2.7156154572328572e-05,0.9999728438454277
2022-05-12,0.558772200410494,0.44122779958950586
2022-05-13,0.7585970349462953,0.2414029650537048
2022-05-14,0.4241666014105019,0.5758333985894983
2022-05-15,0.048343553571856004,0.9516564464281442
2022-05-16,0.007538808481907095,0.9924611915180929
2022-05-17,0.34958252278927043,0.6504174772107295
2022-05-18,0.0010533095984544322,0.9989466904015455
2022-05-19,0.0005459557446482495,0.9994540442553518
2022-05-20,0.04500990958407213,0.9549900904159279
2022-05-21,0.5509271990838973,0.4490728009161028
2022-05-22,0.26254697390998305,0.737453026090017
2022-05-23,0.03748102641777161,0.9625189735822283
2022-05-24,0.3576989109389253,0.6423010890610747
2022-05-25,0.7194561359936887,0.2805438640063112
2022-05-26,0.7983975499239055,0.20160245007609434
2022-05-27,0.6445533666578475,0.3554466333421523
2022-05-28,0.7955904733201652,0.2044095266798347
2022-05-29,0.6289822745924682,0.371017725407532
2022-05-30,1.1382795798132208e-06,0.9999988617204201
2022-05-31,0.5658047243074791,0.43419527569252087
2022-06-01,0.00021663421834975378,0.99978336578165
2022-06-02,0.26670317050199127,0.7332968294980088
2022-06-03,0.3226806180650049,0.6773193819349952
2022-06-04,0.6999517814213254,0.3000482185786744
2022-06-05,0.8260931980999001,0.17390680190009977
2022-06-06,0.014046779049013226,0.9859532209509867
2022-06-07,0.5495777092170729,0.45042229078292706
2022-06-08,0.2801037569573017,0.7198962430426983
2022-06-09,0.6895930010986728,0.31040699890132717
2022-06-10,0.21079294427157808,0.7892070557284221
2022-06-11,0.3054572451404852,0.6945427548595147
2022-06-12,0.0008961004152800958,0.99910389958472
2022-06-13,2.726661084199858e-28,0.9999999999999993
2022-06-14,0.47609212936477735,0.5239078706352227
2022-06-15,0.6155095751347288,0.38449042486527113
2022-06-16,2.6063813453352215e-10,0.9999999997393618
2022-06-17,0.5557309059959582,0.4442690940040418
2022-06-18,1.3226537624407468e-05,0.9999867734623753
2022-06-19,9.513773733374232e-08,0.9999999048622629
2022-06-20,0.5652869696682428,0.4347130303317571
2022-06-21,0.7776216360177544,0.22237836398224556
2022-06-22,0.2158426426255653,0.7841573573744349
2022-06-23,0.0009649270643925696,0.9990350729356077
2022-06-24,0.5378118828458167,0.46218811715418323
2022-06-25,0.7023910920613052,0.29760890793869466
2022-06-26,0.595499697715814,0.4045003022841861
2022-06-27,0.7153090581351722,0.2846909418648278
2022-06-28,0.6053898857427983,0.39461011425720166
2022-06-29,0.7729497618369368,0.22705023816306324
2022-06-30,0.750838130872459,0.24916186912754126
2022-07-01,0.5014263922033012,0.4985736077966989
2022-07-02,0.7711455785907869,0.22885442140921305
2022-07-03,0.8438412725651054,0.15615872743489465
2022-07-04,0.016579659203611045,0.9834203407963895
2022-07-05,0.5758029836306193,0.42419701636938073
2022-07-06,0.6315634068035014,0.3684365931964987
2022-07-07,0.003465011849559743,0.9965349881504401
2022-07-08,0.5580325597074776,0.4419674402925224
2022-07-09,0.7728829420060268,0.22711705799397294
2022-07-10,0.24602878378521809,0.7539712162147819
2022-07-11,0.023086229748746703,0.9769137702512533
2022-07-12,0.09460649281976324,0.9053935071802369
2022-07-13,0.0075244417960980406,0.9924755582039021
2022-07-14,0.37416278906250583,0.6258372109374939
2022-07-15,0.6352028051932552,0.3647971948067448
2022-07-16,0.6709062927208912,0.329093707279109
2022-07-17,0.6469292940487144,0.3530707059512857
2022-07-18,1.804100929239695e-07,0.9999998195899076
2022-07-19,0.0214026810124066,0.9785973189875935
2022-07-20,0.5543400434530396,0.4456599565469605
2022-07-21,0.7849923171662594,0.2150076828337404
2022-07-22,0.6939754942015809,0.3060245057984189
2022-07-23,0.7820322569083579,0.21796774309164224
2022-07-24,0.83497010289148,0.1650298971085199
2022-07-25,0.0032627288876701916,0.9967372711123293
2022-07-26,0.5525446523561436,0.44745534764385647
2022-07-27,4.2265687462951853e-07,0.9999995773431256
2022-07-28,0.022984967179975325,0.9770150328200248
2022-07-29,0.5798200961610634,0.42017990383893655
2022-07-30,0.7804768664295055,0.2195231335704944
2022-07-31,0.7841557849623503,0.21584421503764994
2022-08-01,0.8500655755868786,0.14993442441312146
2022-08-02,0.7964502408632023,0.20354975913679763
2022-08-03,0.8436081338997433,0.1563918661002567
2022-08-04,0.8378739619759061,0.1621260380240939
2022-08-05,0.4213970671147353,0.5786029328852645
2022-08-06,0.6449708738497221,0.35502912615027793
2022-08-07,0.7763358081807777,0.22366419181922229
2022-08-08,0.4532335376598904,0.5467664623401097
2022-08-09,0.33792436778816864,0.6620756322118313
2022-08-10,0.12100638498493485,0.8789936150150652
2022-08-11,0.6278648008325334,0.37213519916746673
2022-08-12,0.6351639754591343,0.3648360245408655
2022-08-13,0.8107144306865792,0.18928556931342078
2022-08-14,0.8516358962157645,0.14836410378423526
2022-08-15,0.850470933646943,0.14952906635305685
2022-08-16,0.8325693917936234,0.16743060820637656
2022-08-17,0.6329736987301414,0.36702630126985847
2022-08-18,0.8006981264476802,0.19930187355231985
2022-08-19,6.449188013109427e-11,0.9999999999355085
2022-08-20,0.4456369030704555,0.5543630969295447
2022-08-21,0.5838123857962981,0.41618761420370165
2022-08-22,0.7814772769946363,0.21852272300536357
2022-08-23,0.836423382486814,0.16357661751318586
2022-08-24,0.8521053469019549,0.147894653098045
2022-08-25,0.8355942002892526,0.16440579971074729
2022-08-26,0.0004351386207114129,0.9995648613792886
2022-08-27,0.5005748810328128,0.49942511896718716
2022-08-28,0.529312811985452,0.4706871880145479
2022-08-29,0.14189435239163461,0.8581056476083654
2022-08-30,0.282654944497133,0.7173450555028672
2022-08-31,0.5990237780632881,0.4009762219367118
2022-09-01,0.7941208226926575,0.20587917730734248
2022-09-02,0.8337600921309354,0.1662399078690645
2022-09-03,0.8485717592179003,0.1514282407820996
2022-09-04,0.8456378605765891,0.154362139423411
2022-09-05,0.8426446510831538,0.15735534891684602
2022-09-06,0.01551198976783939,0.9844880102321605
2022-09-07,0.237334400532748,0.7626655994672519
2022-09-08,0.6750326618710751,0.3249673381289248
2022-09-09,2.2223461567097405e-12,0.9999999999977778
2022-09-10,0.44242242747810134,0.5575775725218988
2022-09-11,0.743821584855271,0.25617841514472894
2022-09-12,0.4284011611250062,0.5715988388749937
2022-09-13,1.4848305798342303e-09,0.9999999985151694
2022-09-14,0.5653792766181144,0.4346207233818854
2022-09-15,0.3973813713827321,0.602618628617268
2022-09-16,0.730193532890216,0.26980646710978395
2022-09-17,0.690415351947603,0.30958464805239727
2022-09-18,0.1828963491034888,0.817103650896511
2022-09-19,0.6297399680233497,0.3702600319766502
2022-09-20,0.21259109621447625,0.7874089037855238
2022-09-21,0.4734929626616843,0.5265070373383158
2022-09-22,0.01264065129145063,0.9873593487085494
2022-09-23,0.5556283417300562,0.44437165826994407
2022-09-24,0.6138495550868599,0.38615044491314016
2022-09-25,0.7860225219044227,0.21397747809557752
2022-09-26,0.612237600901726,0.38776239909827404
2022-09-27,0.7922362040265756,0.2077637959734246
2022-09-28,0.7396884503261697,0.2603115496738301
2022-09-29,0.8174547660978537,0.18254523390214633
2022-09-30,0.8429197286342818,0.1570802713657183
2022-10-01,0.8538161844216589,0.14618381557834112
2022-10-02,0.8036582960744024,0.19634170392559738
2022-10-03,0.35758377190151464,0.6424162280984853
2022-10-04,0.08346840808729393,0.9165315919127058
2022-10-05,0.5679043115727259,0.4320956884272742
2022-10-06,0.7483512852216627,0.2516487147783374
2022-10-07,0.6555540155501891,0.34444598444981056
2022-10-08,0.8009456171687461,0.19905438283125393
2022-10-09,0.8533260871982042,0.14667391280179573
2022-10-10,0.781939883388961,0.21806011661103902
2022-10-11,0.8432447642972057,0.15675523570279415
2022-10-12,0.8541726724867107,0.14582732751328942
2022-10-13,0.8193798757773891,0.18062012422261092
2022-10-14,0.8261761826002295,0.17382381739977043
2022-10-15,0.8496280965036593,0.1503719034963406
2022-10-16,0.8284573883863637,0.17154261161363624
2022-10-17,0.7798151966325685,0.2201848033674314
2022-10-18,0.8077331455669285,0.1922668544330714
2022-10-19,0.8235570199841945,0.1764429800158056
2022-10-20,0.8543088051657206,0.14569119483427945
2022-10-21,0.8543883773767119,0.14561162262328806
2022-10-22,0.8657511184730157,0.1342488815269845
2022-10-23,0.7309028850837299,0.26909711491627014
2022-10-24,0.7905712010035626,0.20942879899643752
2022-10-25,0.11189061050604804,0.8881093894939521
2022-10-26,0.08614919849790363,0.9138508015020964
2022-10-27,0.29347300834163664,0.7065269916583632
2022-10-28,0.5605884587633103,0.43941154123668963
2022-10-29,0.734009754933086,0.2659902450669138
2022-10-30,0.8113060433955274,0.18869395660447277
2022-10-31,0.8432879214870949,0.15671207851290508
2022-11-01,0.8644407164570709,0.13555928354292907
2022-11-02,0.7828428511568113,0.2171571488431888
2022-11-03,0.847445586554176,0.15255441344582416
2022-11-04,0.02687250461222595,0.9731274953877742
2022-11-05,0.555670894995715,0.4443291050042851
2022-11-06,0.6534536331964123,0.34654636680358797
2022-11-07,0.7133273569608968,0.28667264303910345
2022-11-08,7.149841193594104e-11,0.9999999999285016
2022-11-09,6.185707066473556e-23,0.9999999999999993
2022-11-10,3.1573337148941654e-13,0.9999999999996838
2022-11-11,0.10394177929972574,0.896058220700274
2022-11-12,0.5077821799287957,0.49221782007120407
2022-11-13,0.37722554585281165,0.6227744541471886
2022-11-14,0.5790675488485636,0.4209324511514361
2022-11-15,0.6662853140968245,0.33371468590317566
2022-11-16,0.7547488700704147,0.24525112992958525
2022-11-17,0.8422970105506403,0.1577029894493595
2022-11-18,0.8640013604537816,0.13599863954621835
2022-11-19,0.8689556884220365,0.1310443115779633
2022-11-20,0.5881793809850685,0.4118206190149315
2022-11-21,0.2707811992605245,0.7292188007394753
2022-11-22,0.2980609175349807,0.7019390824650192
2022-11-23,0.29464761126990446,0.7053523887300954
2022-11-24,0.7003824914491794,0.2996175085508205
2022-11-25,0.8208242327869019,0.17917576721309805
2022-11-26,0.8559480416354912,0.14405195836450896
2022-11-27,0.8671699254493715,0.1328300745506285
2022-11-28,0.8084762434642833,0.19152375653571693
2022-11-29,0.7809876593337675,0.21901234066623237
2022-11-30,0.03995141517197074,0.9600485848280291
2022-12-01,0.5080270917234124,0.49197290827658774
2022-12-02,0.7487118572008037,0.2512881427991964
2022-12-03,0.802605028508514,0.19739497149148613
2022-12-04,0.7895096124792764,0.21049038752072374
2022-12-05,0.8251275196019359,0.17487248039806405
2022-12-06,0.8446530504107623,0.15534694958923773
2022-12-07,0.797993678801417,0.20200632119858297
2022-12-08,0.6040243302633984,0.3959756697366017
2022-12-09,0.7898386644780166,0.21016133552198352
2022-12-10,0.8516246867359243,0.14837531326407571
2022-12-11,0.8660140232322877,0.1339859767677122
2022-12-12,0.8583071494962966,0.14169285050370345
2022-12-13,0.2772400372047045,0.7227599627952956
2022-12-14,0.6911502525611704,0.3088497474388297
2022-12-15,0.4971860882826995,0.5028139117173005
2022-12-16,0.04683065246249374,0.9531693475375062
2022-12-17,0.5417510511521098,0.4582489488478902
2022-12-18,0.7825036210617129,0.21749637893828713
2022-12-19,0.7013182447934677,0.2986817552065323
2022-12-20,0.3829968373440287,0.6170031626559713
2022-12-21,0.7201763063823301,0.2798236936176699
2022-12-22,0.8336919182011089,0.16630808179889112
2022-12-23,0.8613070238159366,0.13869297618406337
2022-12-24,0.8655520483583579,0.13444795164164203
2022-12-25,0.8696474661420555,0.1303525338579447
2022-12-26,0.8637199655655975,0.1362800344344025
2022-12-27,0.8249269033047053,0.1750730966952948
2022-12-28,0.8300357109160191,0.1699642890839809
2022-12-29,0.8513738780442475,0.14862612195575267
2022-12-30,0.8650336956017971,0.13496630439820317
2022-12-31,0.8668467020479188,0.13315329795208125
2023-01-01,0.8628468354626948,0.1371531645373052
2023-01-02,0.8642192106014821,0.135780789398518
2023-01-03,0.869322502312797,0.130677497687203
2023-01-04,0.8303557277148638,0.16964427228513607
2023-01-05,0.8608874985941366,0.1391125014058635
2023-01-06,0.8534470381725947,0.14655296182740513
2023-01-07,0.8667819678452122,0.13321803215478764
2023-01-08,0.8492012895898565,0.15079871041014317
2023-01-09,0.8533593626150544,0.1466406373849455
2023-01-10,0.790089795190756,0.209910204809244
2023-01-11,0.4367194353090604,0.5632805646909399
2023-01-12,0.003104390522473555,0.9968956094775263
2023-01-13,0.0006109858392119842,0.9993890141607878
2023-01-14,0.0009250723566864078,0.9990749276433137
2023-01-15,0.5582884297249296,0.4417115702750702
2023-01-16,0.6945896867343763,0.30541031326562385
2023-01-17,0.8273406098108036,0.17265939018919646
2023-01-18,0.6454621690878106,0.3545378309121892
2023-01-19,0.6280455363263919,0.3719544636736082
2023-01-20,2.50190927765016e-06,0.9999974980907221
2023-01-21,0.5554440152488672,0.4445559847511329
2023-01-22,0.7861011208476464,0.21389887915235362
2023-01-23,0.8183717714139591,0.18162822858604094
2023-01-24,0.8016998198020124,0.19830018019798779
2023-01-25,0.6477601080087291,0.3522398919912709
2023-01-26,0.8102259142129761,0.18977408578702382
2023-01-27,0.8550119057283863,0.14498809427161374
2023-01-28,0.8662608903134377,0.13373910968656225
2023-01-29,0.31981831312099707,0.6801816868790029
2023-01-30,0.050883883026650305,0.9491161169733497
2023-01-31,0.48432770734368347,0.5156722926563165
2023-02-01,0.3906935269984151,0.6093064730015851
2023-02-02,0.6797382136197072,0.32026178638029285
2023-02-03,0.8232078783850155,0.17679212161498448
2023-02-04,0.852740342328549,0.14725965767145108
2023-02-05,0.7757672295425567,0.22423277045744333
2023-02-06,0.8248030779214708,0.17519692207852905
2023-02-07,0.6357882147461462,0.3642117852538538
2023-02-08,0.7287342067245309,0.2712657932754689
2023-02-09,0.01359773955320759,0.9864022604467921
2023-02-10,0.5420776821995176,0.4579223178004826
2023-02-11,0.7347813102027219,0.26521868979727814
2023-02-12,0.8335554456970092,0.16644455430299065
2023-02-13,0.8617521221870091,0.13824787781299075
2023-02-14,0.7246748325821012,0.2753251674178987
2023-02-15,1.1220722895776545e-09,0.9999999988779282
2023-02-16,0.15820021834072695,0.8417997816592729
2023-02-17,0.030999982858262803,0.9690000171417372
2023-02-18,0.5782417167941865,0.4217582832058136
2023-02-19,0.724218192135239,0.2757818078647609
2023-02-20,0.6295198927140677,0.37048010728593217
2023-02-21,0.6986313523960321,0.301368647603968
2023-02-22,0.790894924897715,0.20910507510228488
2023-02-23,0.8194689721681843,0.18053102783181557
2023-02-24,0.35248662540624387,0.647513374593756
2023-02-25,0.7215135006891242,0.27848649931087577
2023-02-26,0.7110800497386182,0.2889199502613822
2023-02-27,0.8310280834850577,0.16897191651494248
2023-02-28,0.7703393701527753,0.22966062984722463
2023-03-01,0.6261850187229169,0.373814981277083
2023-03-02,0.7891170473422094,0.2108829526577906
2023-03-03,0.02137510163456384,0.9786248983654358
2023-03-04,0.5801602169041954,0.4198397830958046
2023-03-05,0.789137638435884,0.21086236156411595
2023-03-06,0.8514527189472666,0.1485472810527336
2023-03-07,0.8404542828102735,0.15954571718972652
2023-03-08,0.6453607452685438,0.35463925473145624
2023-03-09,0.00027482171286944004,0.9997251782871301
2023-03-10,0.5258124701331625,0.47418752986683754
2023-03-11,0.5034593277892595,0.4965406722107407
2023-03-12,3.0983704585059544e-06,0.9999969016295412
2023-03-13,8.053677657620031e-10,0.9999999991946326
2023-03-14,0.26130878129576846,0.7386912187042315
2023-03-15,0.5614626125135176,0.4385373874864824
2023-03-16,0.3444620227871319,0.6555379772128683
2023-03-17,4.018525162243123e-10,0.9999999995981472
2023-03-18,0.40151115733463316,0.5984888426653667
2023-03-19,0.048433598763517716,0.9515664012364826
2023-03-20,0.5391600178187177,0.46083998218128225
2023-03-21,0.6733266602926831,0.3266733397073168
2023-03-22,0.30724661084421656,0.6927533891557833
2023-03-23,0.061872019749474344,0.9381279802505257
2023-03-24,0.14664551465603143,0.8533544853439687
2023-03-25,0.6395875297665129,0.3604124702334871
2023-03-26,0.6489693547929346,0.3510306452070656
2023-03-27,0.3074158122150399,0.6925841877849601
2023-03-28,0.6921054650806542,0.30789453491934576
2023-03-29,0.08142216996748233,0.9185778300325179
2023-03-30,0.5377215366206002,0.4622784633794
2023-03-31,0.6526126344259224,0.3473873655740774
2023-04-01,0.8143492562952201,0.18565074370478002
2023-04-02,0.8409957051404966,0.15900429485950354
2023-04-03,0.79240746961364,0.2075925303863601
2023-04-04,0.780941615431386,0.21905838456861387
2023-04-05,0.8493153950512949,0.1506846049487054
2023-04-06,0.8598953547519457,0.1401046452480543
2023-04-07,0.8637851510286675,0.13621484897133243
2023-04-08,0.8689293405972262,0.13107065940277376
2023-04-09,0.8038301434748223,0.19616985652517752
2023-04-10,0.023536747446817424,0.9764632525531826
2023-04-11,0.3399705395072174,0.6600294604927827
2023-04-12,0.7129082835658858,0.2870917164341142
2023-04-13,0.8026760825468151,0.19732391745318498
2023-04-14,0.8517225607240756,0.14827743927592446
2023-04-15,0.8583176472990085,0.1416823527009916
2023-04-16,0.8679658419312481,0.132034158068752
2023-04-17,0.46863508668045695,0.5313649133195433
2023-04-18,0.1816803087131676,0.8183196912868322
2023-04-19,0.0024250946208397503,0.9975749053791605
2023-04-20,0.33317486215289505,0.6668251378471048
2023-04-21,0.12058493048007674,0.8794150695199229
2023-04-22,0.3806064413141139,0.6193935586858863
2023-04-23,0.7002150755912613,0.2997849244087388
2023-04-24,0.8272076239158055,0.17279237608419434
2023-04-25,0.44012938979380317,0.5598706102061967
2023-04-26,0.7431527816976784,0.25684721830232166
2023-04-27,0.13969704512229722,0.8603029548777026
2023-04-28,0.6259145201696016,0.37408547983039847
2023-04-29,0.8054085327331347,0.19459146726686527
2023-04-30,0.8551369705002492,0.14486302949975094
2023-05-01,0.1066271912360215,0.8933728087639787
2023-05-02,0.3468116858974267,0.6531883141025729
2023-05-03,0.646758248746105,0.353241751253895
2023-05-04,0.8039232988072645,0.1960767011927353
2023-05-05,0.5802153587778354,0.41978464122216486
2023-05-06,0.5613668745666984,0.4386331254333017
2023-05-07,0.6766590771699316,0.32334092283006843
2023-05-08,0.4445361691304373,0.5554638308695627
2023-05-09,0.752970558155839,0.24702944184416104
2023-05-10,0.8420611367236632,0.15793886327633694
2023-05-11,0.6485805594329596,0.35141944056704044
2023-05-12,0.7957236575331808,0.2042763424668193
2023-05-13,0.852979391139196,0.1470206088608039
2023-05-14,0.856929178150947,0.14307082184905284
2023-05-15,0.8361966559592134,0.16380334404078659
2023-05-16,0.8536358438408491,0.14636415615915072
2023-05-17,0.80319697744573,0.1968030225542699
2023-05-18,0.6744524935128159,0.325547506487184
2023-05-19,0.8198113558328779,0.1801886441671221
2023-05-20,0.8314007624947259,0.1685992375052739
2023-05-21,0.7967553267068711,0.2032446732931289
2023-05-22,0.8484749476345932,0.15152505236540684
2023-05-23,0.795361418037451,0.2046385819625493
2023-05-24,0.29252989581407723,0.7074701041859226
2023-05-25,0.682636813216613,0.31736318678338704
2023-05-26,0.7894202554996718,0.21057974450032835
2023-05-27,0.8403932804679022,0.15960671953209793
2023-05-28,0.033684148824805936,0.9663158511751944
2023-05-29,0.49946873723015184,0.500531262769848
2023-05-30,0.7703547980314978,0.2296452019685022
2023-05-31,0.7253971688060415,0.27460283119395823
2023-06-01,0.7508211266691123,0.24917887333088798
2023-06-02,0.7327011319058904,0.26729886809410974
2023-06-03,0.8239885409253948,0.17601145907460508
2023-06-04,0.8588138208455185,0.14118617915448142
2023-06-05,0.012814099367044373,0.9871859006329555
2023-06-06,0.00032628042547349067,0.9996737195745264
2023-06-07,0.08542709887810243,0.9145729011218974
2023-06-08,0.586833746437687,0.4131662535623128
2023-06-09,0.7972129601039728,0.20278703989602725
2023-06-10,0.5933416891454433,0.40665831085455695
2023-06-11,0.793791212974924,0.206208787025076
2023-06-12,0.8521439992169558,0.147856000783044
2023-06-13,0.8663068645386719,0.13369313546132805
2023-06-14,0.39814229702376086,0.6018577029762391
2023-06-15,0.5500891784130697,0.4499108215869304
2023-06-16,0.2900993945588655,0.7099006054411345
2023-06-17,0.6704692724838385,0.32953072751616164
2023-06-18,0.8056914391248857,0.1943085608751143
2023-06-19,0.6889079432032217,0.31109205679677804
2023-06-20,0.002253205736354633,0.9977467942636451
2023-06-21,0.00014784417413787307,0.999852155825862
2023-06-22,0.5613896754303862,0.43861032456961385
2023-06-23,0.3947352295800265,0.6052647704199736
2023-06-24,0.726596813923359,0.27340318607664105
2023-06-25,0.8343609875609895,0.16563901243901052
2023-06-26,0.8488679317572103,0.15113206824278952
2023-06-27,0.7974259773156858,0.20257402268431426
2023-06-28,0.6949443441638631,0.30505565583613703
2023-06-29,0.7676051960669583,0.23239480393304163
2023-06-30,0.8455649657978183,0.15443503420218174
2023-07-01,0.8603347386432136,0.1396652613567862
2023-07-02,0.8679838540939504,0.1320161459060496
2023-07-03,0.7526706170675842,0.24732938293241602
2023-07-04,0.789359322842941,0.21064067715705914
2023-07-05,0.8283323185803941,0.17166768141960576
2023-07-06,0.7034833477243402,0.29651665227566004
2023-07-07,0.7387252880144312,0.261274711985569
2023-07-08,0.8381840768188339,0.16181592318116614
2023-07-09,0.8590547658434798,0.1409452341565201
2023-07-10,0.8469786131958261,0.1530213868041739
2023-07-11,0.8501445599744915,0.14985544002550877
2023-07-12,0.8501347139585413,0.14986528604145857
2023-07-13,0.20249521426716446,0.7975047857328355
2023-07-14,0.07094384029109191,0.9290561597089082
2023-07-15,0.6040979041902432,0.3959020958097568
2023-07-16,0.8017867098902601,0.19821329010973981
2023-07-17,0.8514154422452347,0.1485845577547656
2023-07-18,0.8389793180612886,0.16102068193871125
2023-07-19,0.8620331209771703,0.13796687902282984
2023-07-20,0.8646204536301084,0.1353795463698914
2023-07-21,0.8643876937101482,0.13561230628985166
2023-07-22,0.8639789132263012,0.1360210867736988
2023-07-23,0.8326144143644086,0.16738558563559125
2023-07-24,0.39878348331659663,0.6012165166834036
2023-07-25,0.7361309648678035,0.26386903513219656
2023-07-26,0.8307623900766751,0.169237609923325
2023-07-27,0.8548904434891917,0.14510955651080826
2023-07-28,0.86254510286841,0.1374548971315902
2023-07-29,0.8682713800654035,0.13172861993459659
2023-07-30,0.8684693874956779,0.13153061250432227
2023-07-31,0.8698556344476271,0.13014436555237288
2023-08-01,0.7865315773323655,0.2134684226676347
2023-08-02,0.7277121673694462,0.2722878326305535
2023-08-03,0.8355269141157139,0.1644730858842863
2023-08-04,0.8593130157868025,0.14068698421319764
2023-08-05,0.8680016798332881,0.13199832016671187
2023-08-06,0.8701972680985348,0.12980273190146513
2023-08-07,0.8633952100397382,0.13660478996026187
2023-08-08,0.7027100856414898,0.2972899143585102
2023-08-09,0.8135203840379689,0.1864796159620311
2023-08-10,0.8518799389792808,0.14812006102071917
2023-08-11,0.8662761853437457,0.13372381465625416
2023-08-12,0.8695965806436943,0.13040341935630576
2023-08-13,0.8653626856885837,0.13463731431141626
2023-08-14,0.863618271781215,0.13638172821878497
2023-08-15,0.8506884239704222,0.1493115760295776
2023-08-16,0.7758740200357932,0.22412597996420647
2023-08-17,2.011604142512215e-05,0.9999798839585745
2023-08-18,0.2640793391987067,0.735920660801293
2023-08-19,0.6863205333816205,0.3136794666183794
2023-08-20,0.819757586421629,0.18024241357837098
2023-08-21,0.8573455502821887,0.14265444971781108
2023-08-22,0.8646205849400604,0.13537941505993956
2023-08-23,0.7831457432673212,0.21685425673267889
2023-08-24,0.8156910659606729,0.18430893403932708
2023-08-25,0.8526222387426613,0.1473777612573387
2023-08-26,0.8661963238606882,0.1338036761393119
2023-08-27,0.8665156114395484,0.13348438856045156
2023-08-28,0.8696469302828704,0.13035306971712948
2023-08-29,0.00039332735189164946,0.9996066726481081
2023-08-30,0.4246254191725936,0.5753745808274063
2023-08-31,0.005896912773651559,0.9941030872263484
2023-09-01,0.558143671226255,0.44185632877374503
2023-09-02,0.7855096438751051,0.21449035612489498
2023-09-03,0.8449778818387483,0.15502211816125155
2023-09-04,0.8547258030252836,0.1452741969747166
2023-09-05,0.8668497097436889,0.13315029025631117
2023-09-06,0.869777498740443,0.13022250125955678
2023-09-07,0.7282255890575365,0.27177441094246335
2023-09-08,0.7753553198884038,0.22464468011159625
2023-09-09,0.8480471684164196,0.1519528315835803
2023-09-10,0.8641708588823921,0.13582914111760802
2023-09-11,0.5608944212859408,0.4391055787140593
2023-09-12,0.3795714061174527,0.6204285938825471
2023-09-13,0.5976565401402744,0.40234345985972536
2023-09-14,0.7352099142522799,0.26479008574772045
2023-09-15,0.8351262933004068,0.16487370669959328
2023-09-16,0.8620624944591094,0.1379375055408907
2023-09-17,0.8685423310764846,0.1314576689235154
2023-09-18,0.8482017737740032,0.1517982262259968
2023-09-19,0.7520526934283827,0.24794730657161707
2023-09-20,0.8398680390505924,0.16013196094940757
2023-09-21,0.6875015362754662,0.3124984637245337
2023-09-22,0.8252811330424209,0.17471886695757916
2023-09-23,0.8601763355968026,0.13982366440319768
2023-09-24,0.8225075276282834,0.17749247237171664
2023-09-25,0.8584991277867922,0.1415008722132077
2023-09-26,0.8656997646628929,0.13430023533710692
2023-09-27,0.8610880942895376,0.13891190571046247
2023-09-28,0.5600103691950352,0.4399896308049647
2023-09-29,0.7834988902887707,0.21650110971122927
2023-09-30,0.8482967938642908,0.15170320613570915
2023-10-01,0.1490096108945694,0.8509903891054305
2023-10-02,0.4856520090065649,0.5143479909934352
2023-10-03,0.7615281871820598,0.23847181281794022
2023-10-04,0.7721715166393055,0.22782848336069458
2023-10-05,0.7780166500025637,0.22198334999743638
2023-10-06,0.6813787053746757,0.3186212946253245
2023-10-07,0.8234211749487672,0.17657882505123274
2023-10-08,0.8594804820489788,0.14051951795102133
2023-10-09,0.818335296670378,0.18166470332962195
2023-10-10,0.8442018889507664,0.15579811104923355
2023-10-11,0.7278631722660716,0.27213682773392817
2023-10-12,0.8302530820331314,0.16974691796686867
2023-10-13,0.8560011935478152,0.14399880645218469
2023-10-14,0.8674181226711234,0.13258187732887644
2023-10-15,0.8290240645472498,0.1709759354527502
2023-10-16,0.01073440290189845,0.9892655970981012
2023-10-17,0.5677273175231949,0.43227268247680506
2023-10-18,0.7885794502135908,0.21142054978640928
2023-10-19,0.7769902322551845,0.22300976774481557
2023-10-20,0.24233667736348735,0.7576633226365126
2023-10-21,0.6423105292865923,0.35768947071340773
2023-10-22,0.8102234463249645,0.1897765536750356
2023-10-23,1.4069750276822096e-11,0.9999999999859299
2023-10-24,0.2183022748705137,0.7816977251294863
2023-10-25,0.47438942425448855,0.5256105757455116
2023-10-26,0.7172163199874225,0.28278368001257737
2023-10-27,0.8156920966609819,0.1843079033390181
2023-10-28,0.8481868501564761,0.1518131498435237
2023-10-29,0.8038878911496915,0.19611210885030866
2023-10-30,0.8548588721672528,0.14514112783274713
2023-10-31,0.8596190752069038,0.14038092479309625
2023-11-01,0.6506845759248677,0.34931542407513233
2023-11-02,0.7324986042843704,0.26750139571562953
2023-11-03,0.8261001413651917,0.17389985863480803
2023-11-04,0.825050481250352,0.1749495187496481
2023-11-05,0.8600025890707403,0.1399974109292598
2023-11-06,0.8683622196791526,0.13163778032084736
2023-11-07,0.8251307130150352,0.17486928698496507
2023-11-08,0.8480324177401061,0.15196758225989396
2023-11-09,0.425769061688278,0.5742309383117222
2023-11-10,0.5851977057061432,0.414802294293857
2023-11-11,0.7888243528353869,0.21117564716461307
2023-11-12,0.8501161206328108,0.14988387936718914
2023-11-13,0.7907207575659573,0.20927924243404283
2023-11-14,0.5081907171474227,0.49180928285257713
2023-11-15,5.832589446288269e-05,0.9999416741055371
2023-11-16,0.007657370470888697,0.9923426295291115
2023-11-17,0.4760615706879914,0.5239384293120087
2023-11-18,0.763697529778979,0.23630247022102108
2023-11-19,0.614792928384514,0.38520707161548606
2023-11-20,0.8026522225639743,0.19734777743602577
2023-11-21,0.04286746413595653,0.9571325358640432
2023-11-22,0.00808434583412554,0.9919156541658743
2023-11-23,0.565604087596421,0.4343959124035791
2023-11-24,0.7276988513704835,0.2723011486295165
2023-11-25,0.8341926349467249,0.16580736505327504
2023-11-26,0.841357883476563,0.1586421165234367
2023-11-27,0.8539990825581201,0.14600091744187982
2023-11-28,0.7778270775670406,0.22217292243295927
2023-11-29,0.848352893569162,0.15164710643083773
2023-11-30,0.8618465603495389,0.13815343965046115
2023-12-01,0.5443475839633564,0.4556524160366435
2023-12-02,0.5570568281101073,0.44294317188989263
2023-12-03,0.709937094448843,0.2900629055511571
2023-12-04,0.008552482536427352,0.9914475174635726
2023-12-05,0.00236746215328802,0.9976325378467118
2023-12-06,0.53720859553507,0.4627914044649298
2023-12-07,0.7360252260363749,0.26397477396362506
2023-12-08,0.6449010695242698,0.35509893047573016
2023-12-09,0.775384358957584,0.2246156410424161
2023-12-10,0.8473429768458256,0.15265702315417423
2023-12-11,0.0015428898830463817,0.9984571101169539
2023-12-12,0.5528721741377206,0.4471278258622792
2023-12-13,0.14645645760608367,0.8535435423939164
2023-12-14,0.6329887311719948,0.36701126882800517
2023-12-15,0.46648598861483853,0.5335140113851613
2023-12-16,0.7328169181503146,0.26718308184968553
2023-12-17,0.6430515028682964,0.35694849713170335
2023-12-18,0.29134761754961125,0.7086523824503886
2023-12-19,0.6641555067058342,0.33584449329416577
2023-12-20,0.22974028941104735,0.7702597105889528
2023-12-21,0.6596730201138473,0.34032697988615274
2023-12-22,0.8141206051667298,0.18587939483327004
2023-12-23,0.8476022331013355,0.15239776689866447
2023-12-24,0.7680389195447798,0.23196108045521996
2023-12-25,0.7692963812716809,0.23070361872831888
2023-12-26,0.5416186219021757,0.45838137809782437
2023-12-27,0.5204032506620789,0.47959674933792085
2023-12-28,0.597245514783199,0.4027544852168011
2023-12-29,0.7349838687286353,0.2650161312713647
2023-12-30,0.8369706254009921,0.1630293745990079
2023-12-31,0.8605824690195674,0.13941753098043266
2024-01-01,0.03742538732166234,0.9625746126783378
2024-01-02,0.3846711848197654,0.6153288151802347
2024-01-03,0.01156974473118206,0.988430255268818
2024-01-04,0.10351851101311935,0.8964814889868807
2024-01-05,0.6200807529577134,0.37991924704228663
2024-01-06,0.801668888905389,0.1983311110946111
2024-01-07,0.8543185680424562,0.1456814319575438
2024-01-08,4.065691611071775e-05,0.9999593430838893
2024-01-09,0.38162392409701346,0.6183760759029864
2024-01-10,0.670616690578496,0.32938330942150396
2024-01-11,0.8103509428248912,0.18964905717510894
2024-01-12,3.6542599692283608e-06,0.9999963457400312
2024-01-13,0.5691667589359855,0.4308332410640145
2024-01-14,0.4690797343415115,0.5309202656584883
2024-01-15,0.5994934911572746,0.4005065088427252
2024-01-16,0.6900059147236816,0.30999408527631833
2024-01-17,0.7928098887930877,0.2071901112069125
2024-01-18,0.2298444211636949,0.7701555788363048
2024-01-19,0.6299984074718314,0.3700015925281684
2024-01-20,0.8090133150696843,0.1909866849303156
2024-01-21,0.8541684349099311,0.14583156509006873
2024-01-22,0.016384685160999033,0.9836153148390006
2024-01-23,0.5294899532395737,0.4705100467604263
2024-01-24,0.7641650966641784,0.23583490333582185
2024-01-25,0.8416267051489705,0.15837329485102972
2024-01-26,0.022208744965188657,0.9777912550348116
2024-01-27,0.5458423331126312,0.4541576668873689
2024-01-28,0.7840643182427623,0.21593568175723776
2024-01-29,0.37090092754769616,0.629099072452304
2024-01-30,0.699611644241636,0.3003883557583638
2024-01-31,0.8023936558731622,0.19760634412683764
2024-02-01,0.8054094582552249,0.19459054174477494
2024-02-02,0.8529456452697477,0.14705435473025247
2024-02-03,0.8614722175802685,0.13852778241973157
2024-02-04,0.842281467391216,0.15771853260878393
2024-02-05,0.8630148043246377,0.13698519567536227
2024-02-06,0.8361134269879292,0.16388657301207088
2024-02-07,0.4369890944992803,0.5630109055007196
2024-02-08,0.46029157573024104,0.5397084242697592
2024-02-09,0.04444462391895959,0.9555553760810407
2024-02-10,0.4786939957871009,0.5213060042128991
2024-02-11,0.7033590368312705,0.29664096316872934
2024-02-12,0.1918117926786617,0.8081882073213384
2024-02-13,0.6498373252583116,0.3501626747416884
2024-02-14,0.0487865850304202,0.9512134149695799
2024-02-15,0.590367796422847,0.4096322035771532
2024-02-16,0.7900985656114743,0.2099014343885258
2024-02-17,0.8223588840499876,0.17764111595001228
2024-02-18,0.8321689685050012,0.16783103149499884
2024-02-19,0.8494407575325968,0.15055924246740326
2024-02-20,0.8338611243056263,0.1661388756943738
2024-02-21,0.8406115020626523,0.15938849793734777
2024-02-22,0.8312565669704056,0.16874343302959446
2024-02-23,0.8220808563020701,0.17791914369793005
2024-02-24,0.7508534104766367,0.24914658952336344
2024-02-25,0.8380108225816935,0.16198917741830654
2024-02-26,0.004017307336830757,0.9959826926631691
2024-02-27,0.004905580756217478,0.9950944192437827
2024-02-28,1.827425962236056e-10,0.9999999998172576
2024-02-29,0.31230342967714636,0.6876965703228536
2024-03-01,0.4555743552992402,0.5444256447007597
2024-03-02,0.738201021365955,0.26179897863404494
2024-03-03,0.6860432175219336,0.31395678247806663
2024-03-04,2.2683141933475884e-07,0.9999997731685806
2024-03-05,2.3775311398613918e-05,0.9999762246886011
2024-03-06,0.04558037882197876,0.9544196211780211
2024-03-07,0.4932281174210287,0.5067718825789712
2024-03-08,0.5297972228261825,0.4702027771738174
2024-03-09,0.7761480652171887,0.22385193478281123
2024-03-10,0.8272027788505991,0.1727972211494009
2024-03-11,0.03532081723086433,0.9646791827691359
2024-03-12,0.5411385031858584,0.45886149681414157
2024-03-13,0.5000664806429971,0.4999335193570029
2024-03-14,0.47758499073464267,0.5224150092653574
2024-03-15,0.32286366519670423,0.6771363348032955
2024-03-16,0.0004430534950761358,0.9995569465049239
2024-03-17,0.004778083108793337,0.9952219168912064
2024-03-18,0.48113974150926125,0.5188602584907388
2024-03-19,9.628986048748224e-08,0.9999999037101397
2024-03-20,6.929135779892513e-11,0.9999999999307088
2024-03-21,0.05398236419819074,0.9460176358018095
2024-03-22,0.21597455447438887,0.7840254455256112
2024-03-23,0.6568657326485436,0.3431342673514564
2024-03-24,0.008910853504229935,0.9910891464957703
2024-03-25,0.02040304619792244,0.9795969538020778
2024-03-26,0.5794026940764105,0.4205973059235897
2024-03-27,0.7723876030490111,0.2276123969509888
2024-03-28,0.695367609450032,0.3046323905499683
2024-03-29,0.7721110283614274,0.22788897163857252
2024-03-30,0.8437199847429047,0.15628001525709517
2024-03-31,0.5864049720639689,0.4135950279360312
2024-04-01,0.5220700080867778,0.47792999191322233
2024-04-02,0.0003332264691813428,0.9996667735308191
2024-04-03,0.5253829622010346,0.47461703779896525
2024-04-04,0.07809309523008676,0.9219069047699131
2024-04-05,0.5526663387582591,0.4473336612417409
2024-04-06,0.6634493579196307,0.33655064208036933
2024-04-07,0.7998969862849111,0.20010301371508893
2024-04-08,0.27744012983836097,0.7225598701616393
2024-04-09,0.10237389443789531,0.8976261055621046
2024-04-10,0.34516186589988473,0.6548381341001152
2024-04-11,0.6920831617188625,0.3079168382811376
2024-04-12,0.07076555392863962,0.9292344460713604
2024-04-13,0.0029286326649456984,0.9970713673350542
2024-04-14,0.11749461045348812,0.8825053895465123
2024-04-15,0.07321028471337318,0.9267897152866267
2024-04-16,0.5814925470811745,0.4185074529188255
2024-04-17,0.07287512874810706,0.927124871251893
2024-04-18,0.04945215894989209,0.9505478410501078
2024-04-19,0.5760447518820505,0.42395524811794966
2024-04-20,0.6255397277482037,0.37446027225179646
2024-04-21,0.8082762131965765,0.19172378680342342
2024-04-22,0.3949928319271801,0.6050071680728197
2024-04-23,0.7177671798586909,0.282232820141309
2024-04-24,0.2834087958419169,0.7165912041580831
2024-04-25,0.6897586964856339,0.31024130351436596
2024-04-26,0.7780656757309425,0.22193432426905726
2024-04-27,0.8404575542215226,0.15954244577847748
2024-04-28,0.8575335605972374,0.14246643940276243
2024-04-29,0.8224483628949433,0.17755163710505678
2024-04-30,0.011690855705491991,0.9883091442945082
2024-05-01,0.028857056747510577,0.9711429432524894
2024-05-02,0.4405891398063617,0.5594108601936382
2024-05-03,0.00010686883933982085,0.99989313116066
2024-05-04,0.40661688062521406,0.593383119374786
2024-05-05,0.7378488406285418,0.2621511593714582
2024-05-06,0.7691600032743369,0.23083999672566313
2024-05-07,0.7849203337760507,0.2150796662239492
2024-05-08,0.7136657396803361,0.28633426031966397
2024-05-09,0.3190278552278424,0.6809721447721575
2024-05-10,0.09342928003119369,0.9065707199688062
2024-05-11,0.6153377552526378,0.38466224474736216
2024-05-12,0.7534465285264045,0.24655347147359552
2024-05-13,0.5609728549404502,0.4390271450595498
2024-05-14,0.5497754331485294,0.4502245668514705
2024-05-15,1.3713265022635726e-06,0.9999986286734974
2024-05-16,0.4221818718197971,0.5778181281802028
2024-05-17,0.28687280201891996,0.7131271979810798
2024-05-18,0.6963881082726007,0.3036118917273992
2024-05-19,0.7920863285670233,0.2079136714329767
2024-05-20,1.2422375659794764e-06,0.9999987577624339
2024-05-21,0.3676062302936718,0.6323937697063281
2024-05-22,0.6165445054394953,0.38345549456050454
2024-05-23,0.6682098692836146,0.33179013071638547
2024-05-24,0.7880765599257916,0.2119234400742085
2024-05-25,0.808086345969272,0.1919136540307282
2024-05-26,0.8182788161155731,0.1817211838844269
2024-05-27,0.7983730982468464,0.20162690175315362
2024-05-28,0.7607145942267375,0.23928540577326235
2024-05-29,0.8065498636529107,0.1934501363470894
2024-05-30,0.8060974689411233,0.19390253105887642
2024-05-31,0.8000076485390334,0.1999923514609667
2024-06-01,0.850345403521749,0.1496545964782512
2024-06-02,0.8658685472102287,0.1341314527897714
2024-06-03,0.7811711960274919,0.21882880397250784
2024-06-04,0.5129125254826835,0.4870874745173167
2024-06-05,0.7493829690493372,0.2506170309506629
2024-06-06,0.8351987846080966,0.1648012153919033
2024-06-07,0.7028266870549438,0.2971733129450562
2024-06-08,0.8294948734090575,0.17050512659094252
2024-06-09,0.8529063877295783,0.14709361227042178
2024-06-10,0.8658846017644781,0.1341153982355219
2024-06-11,0.37136659261302585,0.6286334073869739
2024-06-12,0.6253570149916641,0.3746429850083358
2024-06-13,0.5699683057317204,0.4300316942682795
2024-06-14,0.739282020995019,0.2607179790049812
2024-06-15,0.8359320168419193,0.16406798315808058
2024-06-16,0.8473927393067385,0.15260726069326136
2024-06-17,0.8642832947374326,0.1357167052625673
2024-06-18,0.7086903737105646,0.29130962628943524
2024-06-19,0.8288308260423328,0.17116917395766704
2024-06-20,0.8601021358505425,0.13989786414945726
2024-06-21,0.8293997055742911,0.17060029442570873
2024-06-22,0.8589784682124751,0.1410215317875249
2024-06-23,0.7700644284442653,0.22993557155573452
2024-06-24,0.028646765308930875,0.9713532346910688
2024-06-25,0.21359773962617912,0.7864022603738208
2024-06-26,0.5184153933711615,0.4815846066288386
2024-06-27,0.6909120828104698,0.3090879171895302
2024-06-28,0.6218054717301393,0.37819452826986033
2024-06-29,0.7684496938333742,0.23155030616662592
2024-06-30,0.37739782109050424,0.6226021789094958
2024-07-01,0.7260686354387742,0.2739313645612255
2024-07-02,0.770808264210773,0.22919173578922683
2024-07-03,0.37936910741670776,0.6206308925832924
2024-07-04,0.0024708178911426095,0.9975291821088574
2024-07-05,0.5532883663074422,0.4467116336925579
2024-07-06,0.30365976227886937,0.6963402377211306
2024-07-07,0.028707418128804455,0.9712925818711954
2024-07-08,0.4328839573935643,0.5671160426064358
2024-07-09,0.4355450806149267,0.5644549193850732
2024-07-10,0.7415442629884867,0.25845573701151325
2024-07-11,0.8241685720984642,0.175831427901536
2024-07-12,0.8274381891192142,0.17256181088078576
2024-07-13,0.6138865693189205,0.38611343068107956
2024-07-14,0.4147777726239602,0.5852222273760398
2024-07-15,3.274364750449533e-05,0.9999672563524957
2024-07-16,0.5604783337067435,0.4395216662932565
2024-07-17,0.6849428043041093,0.3150571956958906
2024-07-18,0.823330107661871,0.17666989233812913
2024-07-19,0.05587645400035528,0.9441235459996445
2024-07-20,0.5670350534582915,0.4329649465417085
2024-07-21,0.6835550826726415,0.3164449173273587
2024-07-22,0.7993693374635099,0.20063066253649012
2024-07-23,0.5720351700566696,0.4279648299433304
2024-07-24,0.7643751847593647,0.23562481524063533
2024-07-25,0.8311579246018914,0.16884207539810886
2024-07-26,0.2986363021655848,0.701363697834415
2024-07-27,0.7011553785537851,0.298844621446215
2024-07-28,0.8121036030619115,0.18789639693808824
2024-07-29,0.6701505917338275,0.3298494082661726
2024-07-30,0.7889637552867282,0.21103624471327165
2024-07-31,0.5856056837576105,0.41439431624238937
2024-08-01,0.736172649499717,0.26382735050028283
2024-08-02,0.0006131728827423826,0.9993868271172577
2024-08-03,0.4840598358447436,0.5159401641552566
2024-08-04,0.03806695561237194,0.961933044387628
2024-08-05,5.138020243519006e-06,0.999994861979757
2024-08-06,0.03360372400245356,0.9663962759975464
2024-08-07,0.3924414154492444,0.6075585845507556
2024-08-08,2.1061879465039083e-16,0.9999999999999998
2024-08-09,0.4606736542418339,0.5393263457581662
2024-08-10,0.7579132220876933,0.2420867779123067
2024-08-11,0.16644673664108117,0.8335532633589189
2024-08-12,0.5754948858877708,0.4245051141122293
2024-08-13,0.5503103455243314,0.44968965447566833
2024-08-14,0.2599057008921476,0.7400942991078527
2024-08-15,0.45143851331877216,0.5485614866812281
2024-08-16,0.438535209805033,0.5614647901949672
2024-08-17,0.6997752302769564,0.3002247697230435
2024-08-18,0.7102890123019356,0.28971098769806414
2024-08-19,0.6956778565572757,0.3043221434427244
2024-08-20,0.804664327392694,0.1953356726073061
2024-08-21,0.16291542751825153,0.8370845724817485
2024-08-22,0.5498901563149439,0.450109843685056
2024-08-23,0.000261264359309463,0.9997387356406902
2024-08-24,0.5677661200314886,0.4322338799685115
2024-08-25,0.7889313737891165,0.21106862621088376
2024-08-26,0.6216665312167288,0.3783334687832711
2024-08-27,0.0032577400237753097,0.9967422599762246
2024-08-28,0.5336728437659422,0.4663271562340578
2024-08-29,0.7638351581491853,0.23616484185081466
2024-08-30,0.839121637676691,0.16087836232330907
2024-08-31,0.8619480501164604,0.13805194988353975
2024-09-01,0.49444341365418576,0.505556586345814
2024-09-02,0.21917763658066314,0.780822363419337
2024-09-03,0.21750894547020444,0.7824910545297958
2024-09-04,0.6161525697172279,0.3838474302827721
2024-09-05,0.27247076437434237,0.7275292356256575
2024-09-06,0.046211895719720474,0.9537881042802794
2024-09-07,0.5838751413157127,0.41612485868428734
2024-09-08,0.7164561464748036,0.2835438535251964
2024-09-09,0.08340134260494757,0.9165986573950524
2024-09-10,0.5325453547541233,0.4674546452458766
2024-09-11,0.7702578927645054,0.22974210723549449
2024-09-12,0.7726538775563773,0.22734612244362273
2024-09-13,0.05883345653190156,0.9411665434680984
2024-09-14,0.5482557329542707,0.45174426704572945
2024-09-15,0.7002472378575461,0.29975276214245394
2024-09-16,0.710390787823449,0.2896092121765512
2024-09-17,0.146163493631834,0.8538365063681658
2024-09-18,0.33278253248033834,0.6672174675196616
2024-09-19,0.44815551860182334,0.5518444813981769
2024-09-20,0.7460824760854983,0.2539175239145017
2024-09-21,0.8366587969808188,0.1633412030191813
2024-09-22,0.8574155162110437,0.14258448378895625
2024-09-23,0.8611358686050912,0.13886413139490877
2024-09-24,0.7821317318015302,0.21786826819846977
2024-09-25,0.7194602305023718,0.28053976949762816
2024-09-26,0.26126737058592403,0.7387326294140762
2024-09-27,0.6357064492983155,0.3642935507016845
2024-09-28,0.810200652662837,0.18979934733716297
2024-09-29,0.8526084225929544,0.1473915774070455
2024-09-30,0.2357806887359974,0.7642193112640026
2024-10-01,0.0435363375192531,0.9564636624807467
2024-10-02,0.5854868981555141,0.4145131018444859
2024-10-03,0.7948311973027542,0.20516880269724574
2024-10-04,0.6381412249267652,0.3618587750732347
2024-10-05,0.8118854899625907,0.18811451003740925
2024-10-06,0.806827017722635,0.19317298227736507
2024-10-07,0.8287917319205574,0.17120826807944242
2024-10-08,0.8604236571417633,0.13957634285823664
2024-10-09,0.589096141515099,0.4109038584849011
2024-10-10,0.788586361202422,0.21141363879757796
2024-10-11,0.174757748093133,0.825242251906867
2024-10-12,0.5627049908265664,0.43729500917343345
2024-10-13,0.7791784419151009,0.22082155808489912
2024-10-14,0.008042315073410604,0.9919576849265896
2024-10-15,0.4272482429395625,0.5727517570604375
2024-10-16,0.7095079697553734,0.29049203024462644
2024-10-17,0.8283201057825339,0.171679894217466
2024-10-18,0.7738692722114865,0.22613072778851356
2024-10-19,0.8475819779812368,0.15241802201876342
2024-10-20,0.8361945170726016,0.16380548292739835
2024-10-21,0.6139879080762283,0.3860120919237716
2024-10-22,0.8052448645148216,0.19475513548517842
2024-10-23,0.78890109863468,0.21109890136531995
2024-10-24,0.5035347859942043,0.4964652140057957
2024-10-25,0.5016360668852632,0.4983639331147366
2024-10-26,0.7563577932010148,0.2436422067989853
2024-10-27,0.7682161101595419,0.23178388984045795
2024-10-28,0.3873677968265169,0.612632203173483
2024-10-29,0.04334668401130108,0.9566533159886987
2024-10-30,0.5761191401802112,0.4238808598197888
2024-10-31,0.316045903006436,0.683954096993564
2024-11-01,0.6521093297415921,0.3478906702584078
2024-11-02,0.8134858073577071,0.18651419264229285
2024-11-03,0.8384695168395011,0.1615304831604989
2024-11-04,0.8025431828709945,0.1974568171290057
2024-11-05,0.6073368936802223,0.39266310631977763
2024-11-06,4.3481797238540845e-09,0.9999999956518204
2024-11-07,0.560393420736214,0.439606579263786
2024-11-08,0.7564787482971977,0.2435212517028022
2024-11-09,0.8396743517445154,0.16032564825548482
2024-11-10,0.017588295365318543,0.9824117046346814
2024-11-11,5.042927428927884e-12,0.999999999994957
2024-11-12,0.5279956284442195,0.47200437155578034
2024-11-13,0.26664206343713126,0.7333579365628686
2024-11-14,0.0725189791106707,0.9274810208893294
2024-11-15,0.011869449054522398,0.9881305509454773
2024-11-16,0.5579378700912222,0.4420621299087778
2024-11-17,0.7637992398951431,0.23620076010485688
2024-11-18,0.8229150498262161,0.17708495017378417
2024-11-19,0.6887728448083809,0.3112271551916191
2024-11-20,0.5883833871461505,0.41161661285384965
2024-11-21,0.027387950986127216,0.972612049013873
2024-11-22,0.5662532551954058,0.43374674480459435
2024-11-23,0.724847718096478,0.275152281903522
2024-11-24,0.8327738787685,0.1672261212315001
2024-11-25,0.012170514576889701,0.9878294854231102
2024-11-26,0.48972635406043646,0.5102736459395635
2024-11-27,0.028072443342127808,0.9719275566578722
2024-11-28,0.5781824852996795,0.42181751470032036
2024-11-29,0.6067690443712348,0.3932309556287652
2024-11-30,0.7593848413461204,0.2406151586538796
2024-12-01,0.816300167540827,0.183699832459173
2024-12-02,0.7838143148354544,0.21618568516454584
2024-12-03,0.8492325109005756,0.15076748909942428
2024-12-04,0.4368575885603115,0.5631424114396886
2024-12-05,0.4791829165922747,0.5208170834077253
2024-12-06,0.13706269227560564,0.8629373077243943
2024-12-07,0.6353297757163435,0.3646702242836564
2024-12-08,0.7327024663184326,0.26729753368156733
2024-12-09,0.13582367117765953,0.8641763288223404
2024-12-10,0.6014482547593669,0.3985517452406329
2024-12-11,0.01649119524549003,0.9835088047545102
2024-12-12,0.5037437251612172,0.4962562748387828
2024-12-13,0.66848662152986,0.3315133784701402
2024-12-14,0.8202259850099487,0.17977401499005136
2024-12-15,0.42106149623338296,0.5789385037666169
2024-12-16,0.5898511638239308,0.41014883617606945
2024-12-17,0.7976522997182118,0.20234770028178828
2024-12-18,0.0015968083820709553,0.9984031916179289
2024-12-19,0.21177911878543715,0.7882208812145628
2024-12-20,0.6625719436084558,0.33742805639154416
2024-12-21,0.8085780008118657,0.1914219991881342
2024-12-22,0.6503956271012318,0.3496043728987684
2024-12-23,0.8088572841741053,0.19114271582589454
2024-12-24,0.06177312785932292,0.9382268721406771
2024-12-25,0.5740138825691532,0.42598611743084697
2024-12-26,0.15098231760749672,0.8490176823925032
2024-12-27,0.4695180466237398,0.5304819533762603
2024-12-28,0.7037783217486179,0.296221678251382
2024-12-29,0.704235957316059,0.2957640426839408
2024-12-30,0.7976412769047777,0.20235872309522238
2024-12-31,0.8279218247340923,0.1720781752659076
2025-01-01,0.8214895100624049,0.17851048993759497
2025-01-02,0.5160258929514263,0.4839741070485737
2025-01-03,0.6962972513107166,0.30370274868928354
2025-01-04,0.8269130151594566,0.17308698484054347
2025-01-05,0.8602456055391453,0.1397543944608547
2025-01-06,0.13767479514040665,0.8623252048595935
2025-01-07,0.0031083431554662427,0.9968916568445338
2025-01-08,0.3470530394070615,0.6529469605929384
2025-01-09,0.30172262438310166,0.6982773756168982
2025-01-10,0.3520275133260271,0.6479724866739729
2025-01-11,0.7209270798521217,0.2790729201478783
2025-01-12,0.8341372495132875,0.1658627504867125
2025-01-13,0.8622078641700712,0.13779213582992886
2025-01-14,0.6728624557352757,0.32713754426472436
2025-01-15,0.05915300853089494,0.9408469914691049
2025-01-16,0.5676082088855907,0.4323917911144093
2025-01-17,0.01337411074601166,0.9866258892539883
2025-01-18,0.5760453066557687,0.42395469334423125
2025-01-19,0.24242351987941074,0.7575764801205891
2025-01-20,0.6296901320370114,0.3703098679629884
2025-01-21,0.06228788694723797,0.9377121130527617
2025-01-22,0.27995427384340255,0.7200457261565978
2025-01-23,0.6892133159535359,0.3107866840464641
2025-01-24,0.7981565236464738,0.20184347635352623
2025-01-25,0.8534860194792175,0.1465139805207825
2025-01-26,0.7220333907634859,0.27796660923651384
2025-01-27,0.823666370000613,0.17633362999938684
2025-01-28,0.8436997432868016,0.15630025671319822
2025-01-29,0.6109342386869885,0.38906576131301124
2025-01-30,0.7599833192214481,0.24001668077855165
2025-01-31,0.6172876688358138,0.3827123311641859
2025-02-01,0.671797573703458,0.32820242629654206
2025-02-02,0.3510383941028901,0.6489616058971098
2025-02-03,0.061437806810774626,0.9385621931892254
2025-02-04,0.06964369283805653,0.9303563071619436
2025-02-05,0.5065010631009285,0.4934989368990716
2025-02-06,0.7733113202809148,0.22668867971908524
2025-02-07,0.8474915877424747,0.15250841225752532
2025-02-08,0.8654316826864219,0.13456831731357813
2025-02-09,0.8695659575244435,0.1304340424755565
2025-02-10,0.8397976169927003,0.16020238300729958
2025-02-11,0.7529069966909309,0.2470930033090693
2025-02-12,0.5979822433761947,0.4020177566238054
2025-02-13,0.7292100573494948,0.27078994265050516
2025-02-14,0.8036413448928085,0.19635865510719147
2025-02-15,0.8546852741079419,0.14531472589205802
2025-02-16,0.798114678324558,0.20188532167544218
2025-02-17,0.8487789171577456,0.1512210828422545
2025-02-18,0.8643549281858527,0.1356450718141473
2025-02-19,0.8249810006166126,0.1750189993833875
2025-02-20,0.7348145943218166,0.2651854056781836
2025-02-21,0.6004054381880611,0.3995945618119387
2025-02-22,0.791368995565591,0.20863100443440907
2025-02-23,0.8493474226950561,0.15065257730494375
2025-02-24,0.011599969608195152,0.9884000303918048
2025-02-25,0.139899136230845,0.860100863769155
2025-02-26,0.004043072613495891,0.9959569273865043
2025-02-27,0.5588261964767477,0.44117380352325236
2025-02-28,0.7836281166160567,0.21637188338394325
2025-03-01,0.6771608657942902,0.32283913420570987
2025-03-02,4.837262602764179e-10,0.9999999995162739
2025-03-03,9.234862826301939e-09,0.9999999907651368
2025-03-04,0.45220446173873835,0.5477955382612616
2025-03-05,0.0611395453806683,0.9388604546193317
2025-03-06,0.5697783883787371,0.43022161162126304
2025-03-07,0.13911837352226564,0.8608816264777344
2025-03-08,0.6113009854867549,0.3886990145132452
2025-03-09,0.00013427805846043893,0.9998657219415394
2025-03-10,0.20758608275159413,0.7924139172484058
2025-03-11,0.0009086549466337972,0.9990913450533664
2025-03-12,0.49916013937318277,0.5008398606268175
2025-03-13,0.21986141213023136,0.7801385878697684
2025-03-14,0.07260828109032796,0.9273917189096722
2025-03-15,0.592122119785442,0.4078778802145579
2025-03-16,0.5772556041181779,0.42274439588182183
2025-03-17,0.6241228864697872,0.375877113530213
2025-03-18,0.6911671650880257,0.30883283491197416
2025-03-19,0.008411921815996707,0.9915880781840034
2025-03-20,0.11280523565401768,0.8871947643459821
2025-03-21,0.623513387382539,0.3764866126174609
2025-03-22,0.8059720116482635,0.19402798835173668
2025-03-23,0.49591640247765956,0.5040835975223406
2025-03-24,0.6177658662485802,0.3822341337514198
2025-03-25,0.8063238012834504,0.19367619871654962
2025-03-26,0.8430556422710317,0.15694435772896825
2025-03-27,0.8608947257061765,0.13910527429382358
2025-03-28,0.33192360031749923,0.6680763996825007
2025-03-29,0.4645011301873887,0.5354988698126115
2025-03-30,0.7560433345382784,0.24395666546172143
2025-03-31,0.8404879453034273,0.1595120546965727
2025-04-01,0.3275213417954908,0.6724786582045089
2025-04-02,0.17672944076477115,0.8232705592352287
2025-04-03,0.6179827889904562,0.38201721100954356
2025-04-04,0.7713012469801567,0.22869875301984344
2025-04-05,0.84233808031348,0.15766191968651994
2025-04-06,0.00029566166931314404,0.9997043383306865
2025-04-07,0.4588363192133543,0.5411636807866458
2025-04-08,0.08992211545213781,0.9100778845478624
2025-04-09,5.2909022920705055e-08,0.9999999470909775
2025-04-10,0.05369297147533213,0.9463070285246677
2025-04-11,0.004888881149340955,0.9951111188506593
2025-04-12,0.265577783620755,0.7344222163792449
2025-04-13,0.4840342707783156,0.5159657292216846
2025-04-14,0.7131260297756198,0.2868739702243805
2025-04-15,0.7936765595693764,0.2063234404306235
2025-04-16,0.8457110278843875,0.1542889721156126
2025-04-17,0.8292815655898914,0.17071843441010864
2025-04-18,0.8535432626841143,0.1464567373158857
2025-04-19,0.8496676067890916,0.15033239321090827
2025-04-20,0.8652432876536928,0.134756712346307
2025-04-21,0.49054003945330876,0.5094599605466913
2025-04-22,3.1408344809928394e-05,0.9999685916551904
2025-04-23,0.5635960492264512,0.4364039507735489
2025-04-24,0.7872134964867257,0.2127865035132744
2025-04-25,0.8263628017276285,0.17363719827237148
2025-04-26,0.8603729654151813,0.13962703458481868
2025-04-27,0.8424763621831296,0.1575236378168704
2025-04-28,0.8032836971742123,0.19671630282578775
2025-04-29,0.8387748545285325,0.16122514547146743
2025-04-30,0.8633030155633242,0.13669698443667547
2025-05-01,0.595579093384225,0.404420906615775
2025-05-02,0.7914167687223072,0.20858323127769302
2025-05-03,0.8156676158018711,0.18433238419812886
2025-05-04,0.7581027647395637,0.24189723526043633
2025-05-05,0.8358421458916897,0.1641578541083101
2025-05-06,0.6527673208518742,0.34723267914812583
2025-05-07,0.8134465389586301,0.18655346104136997
2025-05-08,0.00019303922136938175,0.9998069607786306
2025-05-09,0.5658351791200232,0.43416482087997704
2025-05-10,0.6472923749689227,0.3527076250310772
2025-05-11,0.8033766187125915,0.1966233812874087
2025-05-12,0.8026484489891663,0.19735155101083368
2025-05-13,0.7889315739947862,0.21106842600521386
2025-05-14,0.8404476572123772,0.15955234278762287
2025-05-15,0.8623022398775568,0.137697760122443
2025-05-16,0.8675072355716257,0.13249276442837435
2025-05-17,0.8681412316853909,0.1318587683146092
2025-05-18,0.34713988803614276,0.6528601119638572
2025-05-19,0.6895038839503241,0.31049611604967603
2025-05-20,0.773333458499107,0.22666654150089297
2025-05-21,0.4621985021881484,0.5378014978118517
2025-05-22,0.5732780017861674,0.4267219982138326
2025-05-23,0.07813544626762017,0.9218645537323797
2025-05-24,0.5934100779427475,0.4065899220572527
2025-05-25,0.7375420275507079,0.26245797244929203
2025-05-26,0.833096459484552,0.1669035405154481
2025-05-27,0.8576626531503413,0.14233734684965868
2025-05-28,0.8314557254359898,0.16854427456401028
2025-05-29,0.7002286184035147,0.2997713815964854
2025-05-30,0.7293094929525632,0.27069050704743675
2025-05-31,0.8218371274533557,0.1781628725466441
2025-06-01,0.8266340513993307,0.17336594860066917
2025-06-02,0.8587305401309082,0.14126945986909173
2025-06-03,0.8634516524819996,0.13654834751800046
2025-06-04,0.857102650580814,0.14289734941918622
2025-06-05,0.4118954414895441,0.5881045585104558
2025-06-06,0.28883222110910567,0.7111677788908943
2025-06-07,0.6172469212127341,0.38275307878726605
2025-06-08,0.8046920529124835,0.19530794708751648
2025-06-09,0.05654076279334246,0.9434592372066575
2025-06-10,0.5977107909326784,0.4022892090673215
2025-06-11,0.7109297661385693,0.28907023386143055
2025-06-12,0.5042127868389306,0.49578721316106944
2025-06-13,0.7711871938715846,0.2288128061284153
2025-06-14,0.8366635030926284,0.16333649690737156
2025-06-15,0.8625923985426585,0.13740760145734165
2025-06-16,0.8216822872125285,0.1783177127874716
2025-06-17,0.6850431091389928,0.3149568908610072
2025-06-18,0.8216163415805329,0.17838365841946707
2025-06-19,0.8585054761251625,0.14149452387483777
2025-06-20,0.8127942419380971,0.18720575806190284
2025-06-21,0.8242427189328481,0.17575728106715183
2025-06-22,0.8090903294855817,0.19090967051441826
2025-06-23,0.030672342989974344,0.9693276570100258
2025-06-24,0.5714304997416585,0.42856950025834145
2025-06-25,0.7192683039774566,0.28073169602254333
2025-06-26,0.8295752277088262,0.17042477229117384
2025-06-27,0.8605778230949315,0.13942217690506856
2025-06-28,0.8667070226131556,0.13329297738684437
2025-06-29,0.8380436162006185,0.1619563837993817
2025-06-30,0.8210819804870918,0.17891801951290814
2025-07-01,0.7981805561247689,0.20181944387523104
2025-07-02,0.3735531394127808,0.6264468605872193
2025-07-03,0.7005230113780413,0.29947698862195893
2025-07-04,0.7415687847007048,0.2584312152992954
2025-07-05,0.8380870287077585,0.16191297129224141
2025-07-06,0.8342257607707111,0.165774239229289
2025-07-07,0.8406537753854967,0.15934622461450337
2025-07-08,0.851848079056467,0.14815192094353308
2025-07-09,0.6568465630268127,0.3431534369731869
2025-07-10,0.04974545370435754,0.9502545462956424
2025-07-11,0.4822039968174309,0.5177960031825689
2025-07-12,0.7655739945643022,0.23442600543569786
2025-07-13,0.7628499594734964,0.23715004052650365
2025-07-14,0.8309210335737317,0.1690789664262684
2025-07-15,0.7504473431323802,0.24955265686762007
2025-07-16,0.8166782115552278,0.18332178844477212
2025-07-17,0.850643524641082,0.14935647535891805
2025-07-18,0.8306086912617751,0.16939130873822508
2025-07-19,0.8614405504379926,0.13855944956200728
2025-07-20,0.8608973729419908,0.13910262705800908
2025-07-21,0.8679753200737453,0.1320246799262547
2025-07-22,0.6653553676165377,0.33464463238346254
2025-07-23,0.7787610416221133,0.22123895837788649
2025-07-24,0.845982105888792,0.15401789411120803
2025-07-25,0.8544884912339802,0.1455115087660198
2025-07-26,0.864620795821431,0.13537920417856877
2025-07-27,0.8135547309421823,0.1864452690578177
2025-07-28,0.8025330824011593,0.1974669175988409
2025-07-29,0.8547042713848382,0.14529572861516177
2025-07-30,0.8670562695789101,0.13294373042108976
2025-07-31,0.759136932878886,0.240863067121114
2025-08-01,0.6465133169289409,0.3534866830710592
2025-08-02,0.7965201729211234,0.20347982707887663
2025-08-03,0.764021801642272,0.235978198357728
2025-08-04,0.8245624105607552,0.1754375894392447
2025-08-05,0.8405048485474342,0.1594951514525658
2025-08-06,0.8436681977391424,0.15633180226085783
2025-08-07,0.6617089244146939,0.3382910755853062
2025-08-08,0.8016323143415447,0.1983676856584553
2025-08-09,0.8539306816782243,0.1460693183217755
2025-08-10,0.5958989218108781,0.4041010781891221
2025-08-11,0.7916113664278583,0.20838863357214166
2025-08-12,0.7966479502310357,0.20335204976896415
2025-08-13,0.4952326371825935,0.5047673628174064
2025-08-14,0.055547965358531556,0.9444520346414684
2025-08-15,0.5594750185526632,0.44052498144733665
2025-08-16,0.788969545010977,0.2110304549890228
2025-08-17,0.8514100811359631,0.14858991886403683
2025-08-18,0.8348467848747673,0.16515321512523262
2025-08-19,0.42642977204538196,0.5735702279546181
2025-08-20,0.6587989319044352,0.3412010680955646
2025-08-21,0.7028771481820386,0.2971228518179614
2025-08-22,0.08276446135526934,0.9172355386447306
2025-08-23,0.5131501990777467,0.4868498009222535
2025-08-24,0.6385903689430296,0.36140963105697066
2025-08-25,0.34027813325297906,0.659721866747021
2025-08-26,0.5815905301868318,0.41840946981316796
2025-08-27,0.7858547677819682,0.21414523221803167
2025-08-28,0.7973077218024658,0.20269227819753416
2025-08-29,0.17194233351501628,0.8280576664849835
2025-08-30,0.6418780236047028,0.35812197639529714
2025-08-31,0.803393209078032,0.19660679092196784
2025-09-01,0.8236883439213621,0.17631165607863786
2025-09-02,0.7294676293001874,0.2705323706998126
2025-09-03,0.8278464990462858,0.17215350095371415
2025-09-04,0.8365597559460294,0.16344024405397065
2025-09-05,0.8628267535348105,0.13717324646518936
2025-09-06,0.8652921083129302,0.13470789168706962
2025-09-07,0.8458770872551352,0.15412291274486475
2025-09-08,0.843119273372748,0.15688072662725208
2025-09-09,0.8581769485749697,0.1418230514250302
2025-09-10,0.6614469635953031,0.3385530364046968
2025-09-11,0.7355483197263836,0.2644516802736163
2025-09-12,0.827840056207555,0.1721599437924453
2025-09-13,0.8604791152833264,0.1395208847166735
2025-09-14,0.8627746810066396,0.1372253189933602
2025-09-15,0.868910160156011,0.13108983984398923
2025-09-16,0.8206996429916138,0.1793003570083861
2025-09-17,0.85644563027317,0.14355436972682997
2025-09-18,0.8568171994036381,0.14318280059636185
2025-09-19,0.8194869708808814,0.18051302911911854
2025-09-20,0.8587202361414155,0.1412797638585845
2025-09-21,0.8648428996249654,0.1351571003750348
2025-09-22,0.6664263451773464,0.33357365482265394
2025-09-23,0.8048761926990138,0.19512380730098602
2025-09-24,0.8047622308044082,0.19523776919559177
2025-09-25,0.14828941562681014,0.8517105843731896
2025-09-26,0.616825426442908,0.3831745735570919
2025-09-27,0.8060587643888905,0.19394123561110965
2025-09-28,0.6245431200801469,0.375456879919853
2025-09-29,0.593312163732233,0.40668783626776694
2025-09-30,0.7962838915144157,0.2037161084855843
2025-10-01,0.08654208979307643,0.9134579102069238
2025-10-02,0.42519529438577874,0.5748047056142214
2025-10-03,0.6531879230837232,0.3468120769162769
2025-10-04,0.8152702865944889,0.1847297134055112
2025-10-05,0.8302548212292152,0.16974517877078482
2025-10-06,0.8265473100417565,0.17345268995824348
2025-10-07,0.5246756728187221,0.47532432718127804
2025-10-08,0.6509541862032311,0.3490458137967688
2025-10-09,0.7418955871876083,0.25810441281239194
2025-10-10,2.885046601910366e-05,0.9999711495339809
2025-10-11,0.30441373741796107,0.695586262582039
2025-10-12,0.04444129578078082,0.9555587042192191
2025-10-13,0.5909721787565959,0.4090278212434043
2025-10-14,0.6290764955758396,0.37092350442416044
